,0
0,shopmixology
1,janestone
2,hypnaughtylashes
3,commonshop
4,overtone
5,maanja
6,bestowed
7,varesesarabande
8,rap4
9,maitaicollection
10,bythehive
11,jojowear
12,mandb
13,bag-all
14,bodyfab
15,vistaspark
16,gigibrooks
17,simbamatelas
18,loosegarms
19,mide
20,ragnarlothbrokshop
21,tagpop
22,uoionline
23,horsinround
24,zooji
25,yellowshoes
26,wee-bot
27,woodzee
28,paradisefibers
29,devswag
30,monamoore
31,aquaticarts
32,shop4dragon
33,hallmarkcards
34,capbeauty
35,ygosingles
36,helloskinshop
37,torch
38,futurelight
39,thisisl
40,smokonow
41,lovebilly
42,ellie
43,perus
44,honestlyhealthyfood
45,wildernessfamilynaturals
46,taylorbrandsllc
47,greenzipp
48,rocketbaby
49,blackartdepot
50,awakenmylove
51,timhawkins
52,sugglife
53,shumee
54,theyfit
55,blckvapour
56,writeyboards
57,sygns
58,goodieexpress
59,alchema
60,ktmtwins
61,androidflashdrive
62,omgfidget
63,jennalynshop
64,madisonstyle
65,kiini
66,gamersupps
67,yourtea
68,coloradokayak
69,sammoon
70,flexfits
71,fendrihan
72,forgesurvivalsupply
73,baileynelson
74,livecopper
75,hiutdenim
76,victoriakhashop
77,alpessence
78,firsttactical
79,hasbean
80,scrapbooking-warehouse
81,nonewfriends
82,iamnotbasic
83,shopuniform
84,shoproial
85,originalsoegear
86,www
87,paskho
88,groovemonkee
89,pluto99
90,e-chap
91,soillholds
92,royaume-du-bijou
93,lapassione
94,noduscollection
95,mpowerd
96,ftfy
97,prepperssupplies
98,gearjustforyou
99,modifywatches
100,berrystock
101,pronunciationworkshop
102,westbrothers
103,annchery
104,postmaloneshop
105,bouncehousestore
106,jaycotts
107,create-abilities
108,capitalgirl
109,thevankeyboards
110,velvetcloud
111,brindilletwig
112,supermagnetman
113,ksubi
114,indubindu
115,gasbike
116,getontrends
117,jenniferfurniture
118,old-gits-club
119,vitalplays
120,hairpinlegs
121,inspirationaljewelryshop
122,thesilverstick
123,indianartvilla
124,flawlessvapedistro
125,d20collective
126,fontiene
127,arturofirenze
128,milksnob
129,javtoys
130,products4rall
131,monavy
132,elizabethsuzann
133,decorhomium
134,loversanddrifters
135,shopdixi
136,scarbee
137,dreadheadhq
138,chasingpaper
139,newvisionbody
140,megannielsen
141,taminoautographs
142,montiel
143,buyemergencyfoods
144,sugarpaper
145,aromasuperstore
146,little-wheels
147,thefreshnfitted
148,litpacts
149,cardis
150,sun-blades
151,palnorte
152,mytorch
153,phanteksusa
154,dmfashion
155,rascalclothing
156,themeowshop
157,frostnyc
158,geargrabr
159,thatoneemporium
160,raelynns
161,minkpinkworld
162,louderwithcrowdershop
163,vapejoose
164,batteries
165,megafash
166,freakdesign
167,thepostbox
168,diyanu
169,terez
170,coolligan
171,gearbibi
172,newyorkteaco
173,www
174,shadyrays
175,platinumcardbreaks
176,spikebrewing
177,fathersonsclothing
178,serapian
179,cora
180,muslimawear
181,hansensurf
182,sameswim
183,majordrop
184,mammothelectronics
185,sophiesfavors
186,popsmile
187,infotainment
188,dentist
189,shopmarkethq
190,ruule
191,iam8bit
192,simpleaddiction
193,r4lus
194,xcase
195,stila
196,eufylife
197,bananaroad
198,mikesdivestore
199,ninjasdeal
200,ilumi
201,outletfitters
202,emser
203,homespeechhomestore
204,mountvernoncoinco
205,xdress
206,ethicsandantics
207,babymacshop
208,caseland
209,theoontz
210,noke
211,shopbeautydepot
212,boogiemade
213,catchsurf
214,cultstatus
215,risk511
216,the-outrage
217,kennedyblue
218,bp4uphotographerresources
219,heydudeshoesusa
220,japanny
221,worldbeautywomen
222,milkandeggs
223,patriciagreen
224,viance
225,flyingrobot
226,jrgaragestore
227,oldwestoutfitstore
228,menperfection
229,mountunestore
230,clearspring
231,panapop
232,itsablackthang
233,jmandsons
234,rajaindonesia
235,myperfumeshop
236,oliviatheshop
237,spivo
238,leahday
239,brighterwhite
240,peaceitout
241,vampsnyc
242,originalgrain
243,oompa
244,mandee
245,bestglobalgadgets
246,jailyneojeda
247,skinny-teatox
248,sincitycouture
249,patriottires
250,modishstore
251,kickzr4us
252,scp
253,solorganix
254,novakoba
255,mindzai
256,equeto
257,iconery
258,p31bookstore
259,ephin
260,astrologia
261,saltsupply
262,johntreed
263,groovelife
264,shopproscooterlab
265,gohuh
266,frolicgirls
267,hkarmy
268,buddhapants
269,thelovedealer
270,s4l
271,vegalash
272,fonezone
273,jessiesteele
274,shopshereadstruth
275,thuglifeshirts
276,baselineskateshop
277,miniaturesweethk
278,hustlerhollywood
279,rose
280,dahlia
281,soleilblue
282,tothestars
283,mobileoptiks
284,thecarterbrand
285,5thavehq
286,oofos
287,houseofholland
288,sayyid1001
289,dannyshane
290,9teenth
291,seductivestudios
292,trungtamasia
293,healingsolutions
294,hauslondon
295,gettopstuff
296,edoughble
297,bouquetbar
298,rebeccaatwood
299,jasonl
300,cam-do
301,impacful
302,pulsesensor
303,slipsilkpillowcase
304,rfpa
305,dudesgadget
306,cleverclad
307,www
308,sunnylife
309,tayst
310,ffirme
311,houseofmakeup
312,3dprintersuperstore
313,jasper-cunningham
314,chouetteboutique
315,shopbahi
316,falseeyelashes
317,northshire
318,ecgchurchamerica
319,misterpompadour
320,closetcandy
321,storq
322,klashcollection
323,jazzedge
324,case-boss
325,usapalm
326,gameguard
327,hirschstraps
328,zoeschocolate
329,accuweatherstore
330,qtopdeals
331,thomas-earnshaw
332,airweave
333,yalmeh
334,grandtrunk
335,trustfundbeauty
336,gmadeals
337,lauraashleyusa
338,parisnaturalfoods
339,venompower
340,samplesfrommars
341,beverlys
342,kodielement
343,cartots
344,nakaliworldshop
345,4hunnid
346,patmcgrath
347,korea-box
348,redbullshopus
349,merat
350,meowcart
351,teerever
352,alencorp
353,sukinorganics
354,daymondjohn
355,xeucis
356,kissmyshirt
357,lstnsound
358,vautecouture
359,trendingfarm
360,7115newyork
361,langly
362,mangopeople
363,soulelectronics
364,wargamingstore
365,elivera
366,make
367,kurasu
368,everythinginflatable
369,miabellacouture
370,kuwala
371,whimsyclips
372,lastkings
373,pvlgnyc
374,nutfind
375,givemethisnow
376,backcountryworld
377,zing
378,simoneleblanc
379,exclusiveoffers
380,dotmodretail
381,bigbrandbox
382,kaiserbaas
383,milkywayediciones
384,opinel-usa
385,cocro
386,birdsparty
387,frankie-phoenix
388,violentgreen
389,geniusworlds
390,dyln
391,talkingfriends
392,leica-storemayfair
393,inmeza
394,woombikes
395,commonwealth-ftgg
396,misen
397,lattis
398,americantall
399,thearmystore
400,magneticpoetry
401,estafetashop
402,collaredgreens
403,trunkster
404,antkit
405,tamrac
406,rainboat
407,jolyd
408,brilliantbookhouse
409,bike-addict
410,amazzy
411,shellycove
412,silca
413,cookiessf
414,scrt
415,thechimpstore
416,w7cosmetics
417,dicktowel
418,erstwhilejewelry
419,gothrider
420,winecentral
421,fatalgrips
422,sleeponlatex
423,laguiole-imports
424,studioproper
425,www
426,trunki
427,giantrobot
428,geoo
429,brika
430,iil7
431,mfimedical
432,cutratebatteries
433,xsportsprotective
434,dudesboutiqueonline
435,hahagadgets
436,buyherbagnotherbody
437,ckie
438,amazonias
439,tangled
440,weslav
441,software-key
442,discandooo
443,shoparthurgeorge
444,hyperspin-systems
445,manlybands
446,dsgear
447,bigboxoutletstore
448,setforset
449,koreessentials
450,the-souvenirs-store
451,abccocodirect
452,amournoirlifestyle
453,bluebella
454,longlineclothingstore
455,samirandaly
456,jjvirginstore
457,mattarend
458,nevercontent
459,vexasoft
460,ajoylevora
461,simbamatras
462,bohme
463,babymori
464,luciferianapotheca
465,laserlyte
466,yourstruly
467,filthytokyo
468,safwa
469,giveusyourmoneypleasethankyou-wyrd
470,thesill
471,vapecave
472,milktee
473,90degreebyreflex
474,pingminstore
475,852-entertainment
476,goodfuckingdesignadvice
477,greenroadsworld
478,nardosnatural
479,thesuperiorapparel
480,myibsource
481,leesa
482,elixinolcbd
483,4frnt
484,ericaweiner
485,guitarbuild
486,luneta
487,northerngrowlights
488,uxkits
489,iguanasell
490,wolfnoirmexico
491,lumie
492,wood-monkeys
493,lacelab
494,threebythree
495,grassrootscalifornia
496,mrbongo
497,edie-et-watson
498,store-macabregadgets
499,irestorelaser
500,rhythmlivin
501,www
502,gooali
503,lottie
504,blackheadbusters
505,goldspot
506,fyxation
507,hiporange
508,soo
509,blissbusiness
510,ylcamera
511,shifuyanlei
512,turbella
513,iblustore
514,soulland
515,flawlessvapedistro
516,baddieville
517,rainbow8
518,brandblack
519,msxaudio
520,anlander
521,acrylick
522,province-electric
523,agsoftwarestore
524,littleangelsprams
525,loveescape
526,elizabethw
527,ighglobalcorp
528,sumaya369
529,beatboxbeverages
530,julessmithdesigns
531,hobes
532,swanl
533,yogaclub
534,getfreewrite
535,shopcoalnterry
536,thebeautifulwon
537,chibebe
538,azarai
539,mazzucchelli1849
540,michimall
541,rapidx
542,japanstuffs
543,hughrice
544,thecavesmokeshop
545,dee-trade
546,bananas
547,bestmakeupsponge
548,liveinfinitely
549,trendssociety
550,buygloriousproducts
551,thefoxandthemermaid
552,oohlaloft
553,theseforimsale
554,ittybittytoes
555,juiceservedhere
556,virgostarlight
557,eleikoshop
558,joulies
559,hawkers
560,shopgreddy
561,filafarm
562,tappancollective
563,shopsatan
564,ladida
565,brfoundersblog
566,jerseyboardwalkstyle
567,omei
568,protecbrand
569,boho-betty
570,nutritionoid
571,outerboro
572,chainsawr
573,shopmm2
574,themakeupshack
575,thexyzshop
576,teez
577,nemosminiquadsupplies
578,shopyugioh
579,fwfg
580,rwdeathsquad
581,lunya
582,obdurateofficial
583,shopparoo
584,helbak
585,liveyourpassion
586,dotdotbangsquishies
587,nouvellenouvelle
588,musclefreak
589,qupid
590,lightboxes
591,flanella
592,gesmkvip
593,citraco
594,thr1ve
595,ihear
596,karity
597,songbirdocarina
598,ironaddictsbrand
599,theblackdog
600,swimxotic
601,hockey-empire
602,foxybae
603,loomtree
604,hyperchiller
605,devotedtotheocean
606,topboxcollective
607,leemathews
608,therawfoodstore
609,thekixspot
610,vqfit
611,timecapsulesuk
612,solgaard
613,essentialoil
614,albertotorresi
615,luvaj
616,qeefy
617,49thcoffee
618,rogueflash
619,acaciaswimwear
620,cardiffskate
621,cherryshopfashion
622,shopmadcatz
623,rmrmoldproducts
624,queenbeeofbeverlyhills
625,vapevetstore
626,igigi
627,andrebadi
628,castellamare
629,home-coming
630,nicopanda
631,penguinandstone
632,maxvaping
633,ohrange
634,greatdailydeals
635,qualitydiscountlighting
636,epichoodie
637,hoverboardex
638,topfeed
639,sarahmadsen
640,genevafineart
641,empiremedals
642,jockostore
643,thesharkii
644,fansparadise
645,beastmodeonline
646,racecarpower
647,veercosmeticsusa
648,subzero
649,nielasher
650,menfashion
651,modshop1
652,shopmichaeljackson
653,targetdry
654,luckyshotusa
655,maymaymadeit
656,whoosh
657,kyotobrewing
658,addictionlingerie
659,fakevirgin
660,brkboutique
661,snakku
662,frasiersterling
663,lsgc
664,thesupersnorkel
665,sunpotion
666,siliconlottery
667,prepara
668,ulissesworld
669,ilovepeanutbutter
670,therubz
671,nuevolutioncosmetics
672,remotepro
673,concrete
674,pure-fiber
675,holysnailsshop
676,dxpechef
677,marika
678,donnadowney
679,maxejuice
680,waltonsgoods
681,hypergrand
682,feshionniobi
683,danielcremieux
684,thepetcarecard
685,haloboard
686,kerotin
687,muttonheadstore
688,freetomprosthetics
689,condomclub
690,beastmodejonescoaching
691,saterdesign
692,labellamafiaclothing
693,soundmagicheadphones
694,basscentre
695,celestialbodiez
696,cstoysjapan
697,skingraftdesigns
698,ultralinxstore
699,vapetrik
700,diamondboxx
701,rainsaustralia
702,brixtin
703,gymtonica
704,johnderian
705,drifter
706,koyoind
707,pacinosproducts
708,sockpanda
709,storror
710,hollywoodfeed
711,teevente
712,montce
713,thirtysecondstomarsstore
714,sullenclothing
715,streetmoda
716,redneckanything
717,albamclothing
718,ysolda
719,coltstudiostore
720,honeypeaches
721,somus
722,facepaint
723,kamasutra
724,anese
725,sensualove
726,wheel-whores
727,theclosetinc
728,jeremyscott
729,beachwaver
730,matias
731,candlesbyasaakira
732,sunnylife
733,speedcubescanada
734,ahanntva
735,poweredbystacked
736,pamelalove
737,glamourkills
738,trainz
739,itraq
740,wow-dealz
741,banoja
742,loveloren
743,teasource
744,needsandwantsstudios
745,vaporseller
746,greenroninstore
747,exqlife
748,trendsetter
749,lingerietheory
750,zinnga
751,kutoa
752,customplugs
753,azramayya
754,wineandchill
755,anotherlove
756,jewelryfresh
757,luxivo
758,glassysunhaters
759,bling
760,woolandoak
761,yaypanties
762,manready
763,royaltrendy
764,weavesmart
765,similicious
766,populardemandshop
767,newshop
768,qohindia
769,sobeyo
770,era81
771,eika
772,pasarpas
773,lcking
774,co2art
775,odellbeckhamjr13
776,sherbrooke-electroniques
777,badpandashop
778,thethreadsmiths
779,hobojack
780,boybutter
781,yourturn
782,mimiholliday
783,gitman
784,squarepanda
785,highaltitudescience
786,twenty3
787,kepleroluxurywallet
788,getunreal
789,orodonnaitaliana
790,shoppingblitz
791,erinlouise
792,fckh8
793,earthrunners
794,lovemypulse
795,vorsospin
796,zileshop
797,holocaustomusic
798,shophrh
799,addictionnouvellelingerie
800,shoplatitude
801,marvo-tech
802,toe-rific
803,kendrasboutique
804,pleasuresnow
805,fabmart
806,mcphee
807,thefoxandstar
808,easy-tech-shop
809,britishsewingcentre
810,nudestix
811,theuvcollector
812,charlottesimone
813,god
814,woodpunchsgraphics
815,hairsoflyshop
816,akibentostore
817,nyfashioncenterfabrics
818,therogueandthewolf
819,gracefulgoldens
820,feteszoumzoumparty
821,anthonysgoods
822,jadelilly
823,playpiper
824,elizabethrichards
825,globaltacticalsupply
826,ahlayn
827,ronniecoleman
828,discountdressshop
829,obliqproduct
830,zunior
831,tiendageek
832,commondeervt
833,cutepuppyfashion
834,funboy
835,rollbacker
836,allinbeki
837,lorenstewart
838,tamaramellon
839,4knines
840,iguanasell
841,hawkinsandshepherd
842,revize
843,namastevaporizers
844,txhumor
845,xlarge
846,undiv1ded
847,vapo
848,lussobaby
849,sirplus
850,iguanasell
851,lunchbox
852,goodwinsmith
853,theankit
854,pxurbanwear
855,jardinfdflowers
856,hotmilklingerie
857,brothervellies
858,comingsoonnewyork
859,yourewelcomestore
860,focusledflashlight
861,zebidah
862,earjobs
863,masterairscrew
864,birdesignshop
865,loulouboutiques
