,Link,Ranking,name
0,https://beefriendlyskincare.com,"335,901",beefriendlyskincare
1,https://grip6.com,"336,219",grip6
2,https://techkeys.us,"336,433",techkeys
3,https://pingyshirt.com,"336,545",pingyshirt
4,https://groovebags.com,"336,815",groovebags
5,https://fidget360.com,"336,904",fidget360
6,https://toymail.co,"337,195",toymail
7,https://sthsweet.com,"337,638",sthsweet
8,https://blade-city.com,"337,793",blade-city
9,https://wandererbracelets.com,"337,806",wandererbracelets
10,https://bourbonandboots.com,"337,827",bourbonandboots
11,https://sub-shop.com,"338,270",sub-shop
12,https://avi-8.co.uk,"338,360",avi-8
13,https://bottlecutting.com,"338,530",bottlecutting
14,https://iluun.com,"338,602",iluun
15,https://luminaid.com,"338,780",luminaid
16,https://mobicity.it,"338,821",mobicity
17,https://thefanclub.store,"339,046",thefanclub
18,https://mygearglobal.com,"339,165",mygearglobal
19,https://thewodlife.com.au,"340,091",thewodlife
20,https://dukeanddexter.com,"340,168",dukeanddexter
21,https://sparkswarehouse.com,"340,352",sparkswarehouse
22,https://manduapparel.com,"340,378",manduapparel
23,https://costbuys.com,"340,381",costbuys
24,https://calpaks.com,"340,455",calpaks
25,https://lauras-boutique.com,"340,509",lauras-boutique
26,https://happiestbaby.com,"340,659",happiestbaby
27,https://duewest.ca,"340,700",duewest
28,https://boysdontcry.co,"341,156",boysdontcry
29,https://riverbabethreads.com,"341,419",riverbabethreads
30,https://howtodrawmanga.com,"341,958",howtodrawmanga
31,https://cctv-direct.co.za,"342,007",cctv-direct
32,https://blenderseyewear.com,"342,099",blenderseyewear
33,https://occmakeup.com,"342,104",occmakeup
34,https://playfulpromises.com,"342,191",playfulpromises
35,https://ldsman.com,"342,331",ldsman
36,https://sudara.org,"342,997",sudara
37,https://beckettsimonon.com,"343,884",beckettsimonon
38,https://thehomet.com,"346,115",thehomet
39,https://treadwright.com,"346,206",treadwright
40,https://onceuponatee.net,"346,269",onceuponatee
41,https://alexej-nagel.de,"346,382",alexej-nagel
42,https://tha-alumni.com,"346,393",tha-alumni
43,https://wearyourstyle.in,"346,587",wearyourstyle
44,https://beewish.net,"346,615",beewish
45,https://gmyle.com,"347,071",gmyle
46,https://gearrup.com,"347,242",gearrup
47,https://addictgear.com,"347,445",addictgear
48,https://rektarmy.com,"347,508",rektarmy
49,https://mechaly.com,"347,873",mechaly
50,https://planetsuperheroes.com,"347,999",planetsuperheroes
51,https://reasonclothing.com,"349,086",reasonclothing
52,https://nineteeneightyeight.com,"349,194",nineteeneightyeight
53,https://gotothread.com,"349,207",gotothread
54,https://sportique.com,"349,319",sportique
55,https://rguitars.co.uk,"349,329",rguitars
56,https://puffco.com,"349,820",puffco
57,https://wtb.com,"350,690",wtb
58,https://standardsmanual.com,"350,789",standardsmanual
59,https://chilitechnology.com,"350,922",chilitechnology
60,https://kawaiipenshop.com,"351,618",kawaiipenshop
61,https://mymakeupbrushset.com,"351,729",mymakeupbrushset
62,https://goldieblox.com,"351,965",goldieblox
63,https://686.com,"352,353",686
64,https://overstockeditemz.com,"352,620",overstockeditemz
65,https://leggingsuperstore.com,"353,267",leggingsuperstore
66,https://printgaze.com,"353,608",printgaze
67,https://protosynth.com,"353,981",protosynth
68,https://peterdobias.com,"354,147",peterdobias
69,https://heromart.com,"354,214",heromart
70,https://oznaturals.com,"354,416",oznaturals
71,https://annahariri.com,"354,639",annahariri
72,https://auchicparisien.org,"354,712",auchicparisien
73,https://banishacnescars.com,"354,975",banishacnescars
74,https://leogary.com,"355,139",leogary
75,https://fubu.com,"355,577",fubu
76,https://valuecart.in,"355,579",valuecart
77,https://brydgekeyboards.com,"355,673",brydgekeyboards
78,https://sitstay.com,"355,749",sitstay
79,https://healthyshopnetwork.com,"355,994",healthyshopnetwork
80,https://horizonsupply.co,"356,109",horizonsupply
81,https://solidandstriped.com,"356,220",solidandstriped
82,https://eyecandy-wear.com,"356,422",eyecandy-wear
83,https://wornstar.com,"356,567",wornstar
84,https://supermarchepa.com,"356,602",supermarchepa
85,https://ironfistclothing.com,"356,878",ironfistclothing
86,https://ranchogordo.com,"356,893",ranchogordo
87,https://softelectronics.co.uk,"357,205",softelectronics
88,https://movebutter.com,"357,229",movebutter
89,https://ragingheroes.com,"357,700",ragingheroes
90,https://addictedtoaudio.com.au,"358,900",addictedtoaudio
91,https://alienoutfitters.com,"359,065",alienoutfitters
92,https://shopblends.com,"359,216",shopblends
93,https://swpea.com,"359,298",swpea
94,https://glogangworldwide.com,"359,448",glogangworldwide
95,https://satinlinedcaps.com,"359,910",satinlinedcaps
96,https://coverfx.com,"360,408",coverfx
97,https://marinelayer.com,"360,470",marinelayer
98,https://julianedelman.com,"361,153",julianedelman
99,https://techcrunchstore.com,"361,174",techcrunchstore
100,https://mondovantaggio.com,"361,287",mondovantaggio
101,https://seinfeldsetreplica.com,"361,793",seinfeldsetreplica
102,https://roseshire.com,"362,034",roseshire
103,https://lizzyjames.com,"362,039",lizzyjames
104,https://vip4gcc.com,"362,069",vip4gcc
105,https://drmorsesherbalhealthclub.com,"362,418",drmorsesherbalhealthclub
106,https://wintercroft.com,"362,702",wintercroft
107,https://deandri.com,"363,243",deandri
108,https://tranquilomat.com,"363,440",tranquilomat
109,https://daylightcurfew.com,"363,656",daylightcurfew
110,https://geareden.com,"363,688",geareden
111,https://tateandyoko.com,"363,965",tateandyoko
112,https://speedcube.com.au,"364,004",speedcube
113,https://littersf.com,"364,130",littersf
114,https://www.sanrense.com,"364,166",www
115,https://ellady.store,"364,222",ellady
116,https://mountainside-medical.com,"364,244",mountainside-medical
117,https://vickiturbeville.com,"364,338",vickiturbeville
118,https://ripstopbytheroll.com,"364,673",ripstopbytheroll
119,https://easyskinz.com,"364,762",easyskinz
120,https://creativecrystal.com,"365,224",creativecrystal
121,https://shelfies.com,"365,786",shelfies
122,https://arnhem.co,"365,825",arnhem
123,https://benandfrank.com,"365,839",benandfrank
124,https://alpinelaboratories.com,"366,021",alpinelaboratories
125,https://cititrends.com,"366,377",cititrends
126,https://swingdesign.com,"366,544",swingdesign
127,https://megatinycorp.com,"366,632",megatinycorp
128,https://trendingtribes.com,"366,801",trendingtribes
129,https://charmslol.com,"366,908",charmslol
130,https://catholiconline.shopping,"366,956",catholiconline
131,https://enjoy.com,"366,990",enjoy
132,https://petespaleo.com,"367,080",petespaleo
133,https://ashleybridget.com,"367,496",ashleybridget
134,https://waxworkrecords.com,"367,507",waxworkrecords
135,https://backtotheroots.com,"367,804",backtotheroots
136,https://fluidstance.com,"367,810",fluidstance
137,https://wildsurvivalstore.com,"367,862",wildsurvivalstore
138,https://asmdssgear.com,"367,889",asmdssgear
139,https://thelittlemarket.com,"367,979",thelittlemarket
140,https://sengled.com,"368,280",sengled
141,https://primitiveskate.com,"368,662",primitiveskate
142,https://inspiringwave.com,"368,733",inspiringwave
143,https://caseofmine.com,"368,850",caseofmine
144,https://cashbuildonline.co.za,"368,931",cashbuildonline
145,https://zyppah.com,"368,941",zyppah
146,https://liquidbarn.com,"369,381",liquidbarn
147,https://headcrack.nyc,"369,428",headcrack
148,https://jazzbacks.com,"369,730",jazzbacks
149,https://leadershipiq.com,"369,758",leadershipiq
150,https://opengamingstore.com,"370,033",opengamingstore
151,https://flatseven.net,"370,184",flatseven
152,https://namastevaporizers.co.uk,"370,561",namastevaporizers
153,https://otherwild.com,"371,265",otherwild
154,https://universalstore.uk,"371,294",universalstore
155,https://naelofarhijab.com,"371,316",naelofarhijab
156,https://fixtstore.com,"371,545",fixtstore
157,https://analogue.co,"371,656",analogue
158,https://usadawgs.com,"372,310",usadawgs
159,https://quadlockcase.com,"372,346",quadlockcase
160,https://winkylux.com,"372,430",winkylux
161,https://bedrocan.ca,"372,582",bedrocan
162,https://luckyscooters.com,"372,608",luckyscooters
163,https://mobi-city.es,"372,665",mobi-city
164,https://trustbasket.com,"372,907",trustbasket
165,https://highdeftapetransfers.com,"373,368",highdeftapetransfers
166,https://theloom.in,"373,729",theloom
167,https://rhinocameragear.com,"374,036",rhinocameragear
168,https://postmodernjukeboxshop.com,"374,178",postmodernjukeboxshop
169,https://petngo.com.mx,"374,207",petngo
170,https://squarestud.io,"374,215",squarestud
171,https://tushy.me,"374,769",tushy
172,https://nyko.com,"375,205",nyko
173,https://barry.ca,"375,408",barry
174,https://solesteals.com,"375,755",solesteals
175,https://rootsoffight.com,"376,184",rootsoffight
176,https://softpanda.fr,"376,655",softpanda
177,https://fullyfilmy.in,"376,848",fullyfilmy
178,https://fotodioxpro.com,"377,080",fotodioxpro
179,https://globalgirlfriend.com,"377,218",globalgirlfriend
180,https://boutinela.com,"377,241",boutinela
181,https://dicksbymail.com,"377,902",dicksbymail
182,https://nd-bd.com,"378,275",nd-bd
183,https://iographer.com,"378,652",iographer
184,https://rowdygentleman.com,"378,961",rowdygentleman
185,https://supplesquid.com,"379,000",supplesquid
186,https://nectarsunglasses.com,"379,471",nectarsunglasses
187,https://g-ro.com,"379,586",g-ro
188,https://heycarson.com,"379,941",heycarson
189,https://lollywollydoodle.com,"380,039",lollywollydoodle
190,https://gooseberryintimates.com,"380,118",gooseberryintimates
191,https://gearedin.com,"380,276",gearedin
192,https://weareunderground.com,"380,772",weareunderground
193,https://iptvonline.ca,"381,219",iptvonline
194,https://rednecknationstrong.com,"381,489",rednecknationstrong
195,https://unknwn.com,"381,557",unknwn
196,https://needthatproduct.com,"381,629",needthatproduct
197,https://ismash.com,"381,645",ismash
198,https://thaivapeshop.com,"381,757",thaivapeshop
199,https://savedbythedress.com,"381,777",savedbythedress
200,https://schutz-shoes.com,"382,337",schutz-shoes
201,https://shoppiin.com,"382,463",shoppiin
202,https://hazelandolive.com,"382,488",hazelandolive
203,https://snowpeak.com,"383,171",snowpeak
204,https://totaldiabetessupply.com,"383,250",totaldiabetessupply
205,https://vapeandoando.com,"383,309",vapeandoando
206,https://hem.com,"383,447",hem
207,https://drunkelephant.com,"383,480",drunkelephant
208,https://barbellapparel.com,"383,546",barbellapparel
209,https://clothingarts.com,"383,725",clothingarts
210,https://harrypotterplatform934.com,"384,010",harrypotterplatform934
211,https://furiouspete.com,"384,102",furiouspete
212,https://cwpencils.com,"384,665",cwpencils
213,https://meural.com,"384,789",meural
214,https://universalmania.com,"384,877",universalmania
215,https://soleheaven.com,"385,078",soleheaven
216,https://goforbroke.com,"385,318",goforbroke
217,https://thegoldgods.com,"385,631",thegoldgods
218,https://ashedesign.com,"385,792",ashedesign
219,https://8ball.co.uk,"385,847",8ball
220,https://machines.com.my,"386,011",machines
221,https://standdesk.co,"386,363",standdesk
222,https://3sixteen.com,"386,376",3sixteen
223,https://lilyachty.com,"386,927",lilyachty
224,https://foreverpassion.us,"386,978",foreverpassion
225,https://wandpdesign.com,"387,189",wandpdesign
226,https://mefirstliving.com,"387,406",mefirstliving
227,https://detroitkicks.com,"387,434",detroitkicks
228,https://tantusinc.com,"387,528",tantusinc
229,https://atisundar.com,"387,746",atisundar
230,https://stuffnice.com,"387,785",stuffnice
231,https://sushisushi.co.uk,"387,837",sushisushi
232,https://fright-rags.com,"387,941",fright-rags
233,https://thekooler.com,"388,318",thekooler
234,https://realdosenutrition.com,"388,500",realdosenutrition
235,https://toleratedcinematics.com,"388,539",toleratedcinematics
236,https://walletwerks.com,"388,598",walletwerks
237,https://haggardracing.com,"388,638",haggardracing
238,https://sweetskendamas.com,"389,343",sweetskendamas
239,https://booqbags.com,"389,383",booqbags
240,https://seavees.com,"389,449",seavees
241,https://zenlikeproducts.com,"389,811",zenlikeproducts
242,https://woodgeekstore.com,"390,402",woodgeekstore
243,https://seekforchic.com,"390,765",seekforchic
244,https://prioritybicycles.com,"390,984",prioritybicycles
245,https://easytogrowbulbs.com,"391,242",easytogrowbulbs
246,https://myinnerfire.com,"391,620",myinnerfire
247,https://ztylus.com,"391,839",ztylus
248,https://cladandcloth.com,"391,913",cladandcloth
249,https://consciousink.com,"392,074",consciousink
250,https://laurenjames.com,"392,114",laurenjames
251,https://alisa.ua,"392,228",alisa
252,https://stayblcam.com,"392,616",stayblcam
253,https://florencescoveljewelry.com,"392,969",florencescoveljewelry
254,https://powerpractical.com,"393,090",powerpractical
255,https://gowiseproducts.com,"393,320",gowiseproducts
256,https://goodasgold.co.nz,"393,436",goodasgold
257,https://schoolhouse.com,"393,842",schoolhouse
258,https://tossijn.com,"393,914",tossijn
259,https://loopycases.com,"394,036",loopycases
260,https://hemper.co,"394,188",hemper
261,https://lovesystems.com,"394,211",lovesystems
262,https://totebagfactory.com,"394,258",totebagfactory
263,https://thejustinguitarstore.com,"394,622",thejustinguitarstore
264,https://japancodesupply.com,"394,763",japancodesupply
265,https://shopfollain.com,"394,927",shopfollain
266,https://mindfulnesscds.com,"394,931",mindfulnesscds
267,https://lmdn.co.uk,"395,014",lmdn
268,https://vavavoom.ie,"395,379",vavavoom
269,https://thecbdistillery.com,"395,529",thecbdistillery
270,https://deepcleansingblack.com,"396,041",deepcleansingblack
271,https://sevencoffeeroasters.com,"396,047",sevencoffeeroasters
272,https://profoundco.com,"396,169",profoundco
273,https://introvertpalace.com,"396,698",introvertpalace
274,https://bentoandco.com,"396,782",bentoandco
275,https://totemokawaiishop.com,"396,954",totemokawaiishop
276,https://caudabe.com,"397,344",caudabe
277,https://milehighthemes.com,"397,389",milehighthemes
278,https://infantino.com,"397,626",infantino
279,https://ifandco.com,"397,644",ifandco
280,https://nicceclothing.com,"397,853",nicceclothing
281,https://hatclub.com,"397,864",hatclub
282,https://osomwear.in,"398,018",osomwear
283,https://siwydenim.com,"398,208",siwydenim
284,https://birddogs.com,"398,512",birddogs
285,https://happytrunkapparel.com,"398,697",happytrunkapparel
286,https://buildyourownclone.com,"398,804",buildyourownclone
287,https://thesurvivalistdepot.com,"399,007",thesurvivalistdepot
288,https://naja.co,"399,049",naja
289,https://popgonemetal.com,"399,184",popgonemetal
290,https://heathenshoard.com,"399,189",heathenshoard
291,https://sometime.asia,"399,800",sometime
292,https://justtangy.com,"399,970",justtangy
293,https://lookbookstore.co,"400,067",lookbookstore
294,https://vianelnewyork.com,"400,199",vianelnewyork
295,https://atyourdoorstep.biz,"400,393",atyourdoorstep
296,https://startupdrugz.com,"400,401",startupdrugz
297,https://laconicum.com,"400,454",laconicum
298,https://higherprimate.com,"400,599",higherprimate
299,https://subliblanks.com,"400,794",subliblanks
300,https://stuffinsta.com,"401,047",stuffinsta
301,https://fringesport.com,"401,137",fringesport
302,https://everyonedoesit.co.uk,"401,193",everyonedoesit
303,https://rmsbeauty.com,"401,275",rmsbeauty
304,https://finestpicks.co.uk,"401,334",finestpicks
305,https://haircity.co.za,"401,476",haircity
306,https://aninebing.com,"402,029",aninebing
307,https://envision.io,"402,063",envision
308,https://virtual-studio-set.com,"402,220",virtual-studio-set
309,https://mezeaudio.com,"402,509",mezeaudio
310,https://melimelo.com,"402,646",melimelo
311,https://gray-international.com,"402,858",gray-international
312,https://baseballism.com,"403,082",baseballism
313,https://lifestylebyps.com,"403,250",lifestylebyps
314,https://mieuxquedesfleurs.com,"403,392",mieuxquedesfleurs
315,https://militarysupplyusa.com,"403,510",militarysupplyusa
316,https://originalskull.com,"403,575",originalskull
317,https://dragontreeapothecary.com,"403,808",dragontreeapothecary
318,https://jenshansen.com,"403,976",jenshansen
319,https://patriciafield.com,"404,030",patriciafield
320,https://tenslife.com,"404,387",tenslife
321,https://formufit.com,"404,600",formufit
322,https://ilycouture.com,"405,115",ilycouture
323,https://myfirstblush.com,"405,168",myfirstblush
324,https://fitshoppro.com,"405,345",fitshoppro
325,https://misshamptons.com,"405,736",misshamptons
326,https://worldwidecyclery.com,"405,837",worldwidecyclery
327,https://promate.net,"405,870",promate
328,https://skin4gadgets.com,"406,093",skin4gadgets
329,https://cleanthemes.co.uk,"406,151",cleanthemes
330,https://animography.net,"406,175",animography
331,https://uniquegiftsstore.net,"406,439",uniquegiftsstore
332,https://dotcomme.net,"406,567",dotcomme
333,https://trubrain.com,"407,163",trubrain
334,https://laybag.com,"407,166",laybag
335,https://annsfabulousfinds.com,"407,353",annsfabulousfinds
336,https://timetimer.com,"408,100",timetimer
337,https://wondergears.net,"408,229",wondergears
338,https://blazedwear.com,"408,238",blazedwear
339,https://gceyewear.com,"408,290",gceyewear
340,https://aquariumcoop.com,"408,710",aquariumcoop
341,https://klpolish.com,"409,010",klpolish
342,https://xpandlaces.com,"409,044",xpandlaces
343,https://yellowleafhammocks.com,"409,158",yellowleafhammocks
344,https://9five.com,"409,216",9five
345,https://thesociallife.com,"409,437",thesociallife
346,https://dbzdress.com,"409,551",dbzdress
347,https://yogabed.com,"409,806",yogabed
348,https://woolandprince.com,"409,900",woolandprince
349,https://spoke-art.com,"410,650",spoke-art
350,https://corkcicle.com,"410,810",corkcicle
351,https://juguetron.mx,"411,054",juguetron
352,https://oliversapparel.com,"411,794",oliversapparel
353,https://olaplex.com,"411,915",olaplex
354,https://premieryarns.com,"412,074",premieryarns
355,https://premierh2o.com,"412,600",premierh2o
356,https://barbasandzacari.com,"412,649",barbasandzacari
357,https://saintalfred.com,"413,059",saintalfred
358,https://americanrag.com,"413,215",americanrag
359,https://myadstory.shop,"413,378",myadstory
360,https://luckytacklebox.com,"413,386",luckytacklebox
361,https://novanym.com,"413,413",novanym
362,https://rodengray.com,"413,452",rodengray
363,https://fendrihan.ca,"413,575",fendrihan
364,https://hotchocolatedesign.com,"413,705",hotchocolatedesign
365,https://bioclarity.com,"413,813",bioclarity
366,https://wazer.com,"414,113",wazer
367,https://mattemoss.com,"414,121",mattemoss
368,https://ships-a-lot.com,"414,289",ships-a-lot
369,https://thebrubaker.com,"415,683",thebrubaker
370,https://simplipleasure.com,"415,992",simplipleasure
371,https://getkanoa.com,"416,097",getkanoa
372,https://pavers.co.uk,"416,441",pavers
373,https://cannimed.ca,"416,561",cannimed
374,https://yesno.in,"416,722",yesno
375,https://lance210.com,"416,929",lance210
376,https://threebirdnest.com,"417,311",threebirdnest
377,https://thedesignersfoundry.com,"417,500",thedesignersfoundry
378,https://nkdnutrition.com,"417,872",nkdnutrition
379,https://mineralfusion.com,"417,883",mineralfusion
380,https://ejuicedirect.com,"418,226",ejuicedirect
381,https://myrume.com,"418,281",myrume
382,https://offdutybasics.com,"418,292",offdutybasics
383,https://livefashionable.com,"418,477",livefashionable
384,https://sagaouterwear.com,"418,598",sagaouterwear
385,https://pixibeauty.co.uk,"418,743",pixibeauty
386,https://savvywatch.com,"418,777",savvywatch
387,https://populargameaccounts.com,"418,877",populargameaccounts
388,https://freewalkco.com,"419,010",freewalkco
389,https://premiumcollectables.com.au,"419,283",premiumcollectables
390,https://ornamic.com,"419,345",ornamic
391,https://virusintl.com,"419,446",virusintl
392,https://nyrb.com,"419,638",nyrb
393,https://rightchannelradios.com,"420,118",rightchannelradios
394,https://thefrankieshop.com,"420,307",thefrankieshop
395,https://fushanj.com,"420,444",fushanj
396,https://embertech.com,"420,857",embertech
397,https://worldofwool.co.uk,"420,951",worldofwool
398,https://chictrinkets.com,"421,187",chictrinkets
399,https://southernmarsh.com,"421,349",southernmarsh
400,https://ellenshop.com,"421,437",ellenshop
401,https://americanbuttonmachines.com,"421,609",americanbuttonmachines
402,https://savageaccessories.co,"421,738",savageaccessories
403,https://hiphopdrumsamples.com,"422,143",hiphopdrumsamples
404,https://maxgodis.se,"422,266",maxgodis
405,https://drinkdreamwater.com,"422,511",drinkdreamwater
406,https://monstersteel.com,"422,967",monstersteel
407,https://puremagnetik.com,"423,031",puremagnetik
408,https://montiere.com,"423,081",montiere
409,https://tonymoly.us,"423,128",tonymoly
410,https://lagrandeboutiquededory.com,"423,191",lagrandeboutiquededory
411,https://nicotineriver.com,"423,200",nicotineriver
412,https://fatbeats.com,"423,268",fatbeats
413,https://sixpackshop.com,"423,707",sixpackshop
414,https://lolipopshop.com,"424,036",lolipopshop
415,https://maydaygames.com,"424,931",maydaygames
416,https://sassyassyclubwear.com,"425,296",sassyassyclubwear
417,https://refurb.io,"425,356",refurb
418,https://laurenmoshi.com,"425,415",laurenmoshi
419,https://leifshop.com,"425,442",leifshop
420,https://bhbreptiles.com,"425,915",bhbreptiles
421,https://dndfdirect.com,"425,934",dndfdirect
422,https://society-plus.com,"426,048",society-plus
423,https://electrothreads.com,"426,325",electrothreads
424,https://obeythekorean.net,"426,421",obeythekorean
425,https://fastwrx.com,"426,530",fastwrx
426,https://liverpooluniversitypress.co.uk,"426,609",liverpooluniversitypress
427,https://tunercult.com,"426,610",tunercult
428,https://makeupmekka.no,"426,637",makeupmekka
429,https://bvaccel.com,"426,892",bvaccel
430,https://martview.com,"427,042",martview
431,https://hukgear.com,"427,158",hukgear
432,https://bootea.com,"427,395",bootea
433,https://alicegal.com,"427,539",alicegal
434,https://littlebirdelectronics.com.au,"427,577",littlebirdelectronics
435,https://veppocig.com,"428,234",veppocig
436,https://fineline1721.com,"428,281",fineline1721
437,https://kamerar.com,"428,440",kamerar
438,https://combatflipflops.com,"428,497",combatflipflops
439,https://hobbiesdiscount.net,"428,767",hobbiesdiscount
440,https://venturedirect.co.uk,"428,772",venturedirect
441,https://irenesstory.com,"428,805",irenesstory
442,https://3diosound.com,"429,005",3diosound
443,https://g-eazystore.com,"429,133",g-eazystore
444,https://boost-heaven.com,"429,225",boost-heaven
445,https://arcadiamovement.com,"429,692",arcadiamovement
446,https://choiceslides.com,"429,712",choiceslides
447,https://aduna.com,"429,830",aduna
448,https://shoreprojects.com,"429,866",shoreprojects
449,https://groundzeroprecision.com,"429,974",groundzeroprecision
450,https://raygunsite.com,"430,320",raygunsite
451,https://racedayquads.com,"430,950",racedayquads
452,https://whippingpost.com,"430,979",whippingpost
453,https://soundgas.com,"431,285",soundgas
454,https://spoke-london.com,"431,428",spoke-london
455,https://shopdressup.com,"431,643",shopdressup
456,https://lot33.co,"431,678",lot33
457,https://medievaldepot.com,"431,983",medievaldepot
458,https://condorcycles.com,"432,462",condorcycles
459,https://abbyshot.com,"432,725",abbyshot
460,https://kollectionk.com,"432,736",kollectionk
461,https://besamecosmetics.com,"433,184",besamecosmetics
462,https://pand.co,"433,748",pand
463,https://sharktank.com.tw,"433,934",sharktank
464,https://onpointlooks.com,"434,178",onpointlooks
465,https://standout-cv.com,"434,182",standout-cv
466,https://contentbeautywellbeing.com,"434,490",contentbeautywellbeing
467,https://justlovecats.com,"434,779",justlovecats
468,https://vapemonstercity.co.uk,"434,995",vapemonstercity
469,https://longsjewelers.com,"435,028",longsjewelers
470,https://fewmoda.com,"435,177",fewmoda
471,https://wacaco.com,"435,645",wacaco
472,https://posteroz.com,"435,695",posteroz
473,https://rokform.com,"435,711",rokform
474,https://fit-fresh.com,"435,715",fit-fresh
475,https://revl.com,"435,931",revl
476,https://fivefingertees.com,"436,214",fivefingertees
477,https://screamingowl.com,"436,301",screamingowl
478,https://missionbelt.com,"436,469",missionbelt
479,https://soar.gg,"436,570",soar
480,https://lofty.com,"436,573",lofty
481,https://survivaladdicts.net,"436,678",survivaladdicts
482,https://greenscreenoutlet.com,"437,121",greenscreenoutlet
483,https://rusticsinks.com,"437,686",rusticsinks
484,https://futgenie.com,"437,870",futgenie
485,https://ossila.com,"437,952",ossila
486,https://viberg.com,"438,285",viberg
487,https://endysleep.com,"438,370",endysleep
488,https://marleynaturalshop.com,"438,397",marleynaturalshop
489,https://vivianlou.com,"438,451",vivianlou
490,https://herdailydeal.com,"438,531",herdailydeal
491,https://rebel8.com,"438,810",rebel8
492,https://weusepp.com,"438,859",weusepp
493,https://studioneat.com,"439,729",studioneat
494,https://curriculumloft.com,"440,401",curriculumloft
495,https://trailcampro.com,"441,184",trailcampro
496,https://knuckleheadvapes.com,"441,738",knuckleheadvapes
497,https://osterjewelers.com,"442,289",osterjewelers
498,https://cartervintage.com,"442,309",cartervintage
499,https://besynchro.com,"442,362",besynchro
500,https://bearbuttteam.com,"442,367",bearbuttteam
501,https://stevenbrownart.co.uk,"442,459",stevenbrownart
502,https://noveske.com,"442,557",noveske
503,https://telescopesplus.com,"442,589",telescopesplus
504,https://districtf5ve.com,"442,762",districtf5ve
505,https://routinebaseball.com,"442,897",routinebaseball
506,https://mimijumi.com,"442,936",mimijumi
507,https://limericki.com,"443,081",limericki
508,https://sciencejewelry1824.com,"443,084",sciencejewelry1824
509,https://camdenwatchcompany.com,"443,197",camdenwatchcompany
510,https://snowboardaddiction.com,"443,381",snowboardaddiction
511,https://stayhomeclub.com,"443,449",stayhomeclub
512,https://onlineaesthetic.com,"443,516",onlineaesthetic
513,https://pogopirate.com,"443,750",pogopirate
514,https://giantvintage.com,"443,794",giantvintage
515,https://pilotfashion.com,"443,811",pilotfashion
516,https://20buckspin.com,"443,879",20buckspin
517,https://ejuicevapor.com,"443,894",ejuicevapor
518,https://bravoconcealment.com,"444,093",bravoconcealment
519,https://premadepaleo.com,"444,278",premadepaleo
520,https://koral.com,"444,304",koral
521,https://twiddlecube.com,"444,480",twiddlecube
522,https://child1st.com,"444,634",child1st
523,https://mpcsupply.com,"445,037",mpcsupply
524,https://technologyoutlet.co.uk,"445,053",technologyoutlet
525,https://survivalstraps.com,"445,235",survivalstraps
526,https://hexbrand.com,"445,623",hexbrand
527,https://kerusso.com,"445,836",kerusso
528,https://theperfectwineopener.com,"445,863",theperfectwineopener
529,https://leonardandchurch.com,"445,928",leonardandchurch
530,https://yellowfashion.in,"446,015",yellowfashion
531,https://commonculture.co,"446,526",commonculture
532,https://fragrancebuy.ca,"446,542",fragrancebuy
533,https://bemonogrammed.com,"446,662",bemonogrammed
534,https://butiyoga.com,"446,885",butiyoga
535,https://r13denim.com,"447,122",r13denim
536,https://peepers.com,"447,232",peepers
537,https://torontohemp.com,"447,278",torontohemp
538,https://baobella.com,"447,581",baobella
539,https://500level.com,"447,798",500level
540,https://printkeg.com,"447,980",printkeg
541,https://dharmabums.co.uk,"448,054",dharmabums
542,https://bbbranded.com,"448,086",bbbranded
543,https://nutrivitashop.com,"448,211",nutrivitashop
544,https://bonjoviofficialmerch.com,"448,359",bonjoviofficialmerch
545,https://posterguy.in,"448,728",posterguy
546,https://arkkcopenhagen.com,"448,784",arkkcopenhagen
547,https://lightningvapes.com,"449,122",lightningvapes
548,https://discovercbd.com,"449,135",discovercbd
549,https://oppostore.com.sg,"449,222",oppostore
550,https://rikumo.com,"449,641",rikumo
551,https://gazedeals.com,"449,800",gazedeals
552,https://dashwallets.com,"449,910",dashwallets
553,https://edge-waves.com,"449,926",edge-waves
554,https://joujou.com.au,"450,052",joujou
555,https://gogostuff.com,"450,118",gogostuff
556,https://theunbrandedbrand.com,"450,180",theunbrandedbrand
557,https://crepslocker.com,"450,266",crepslocker
558,https://outdoorstactical.com,"450,352",outdoorstactical
559,https://fitgirls.com,"450,439",fitgirls
560,https://amnautical.com,"450,566",amnautical
561,https://divisionroadinc.com,"450,569",divisionroadinc
562,https://bteeful.com,"450,900",bteeful
563,https://karma-yoga-shop.com,"450,921",karma-yoga-shop
564,https://neunaber.net,"450,927",neunaber
565,https://jscottcampbell.com,"451,096",jscottcampbell
566,https://shoplunachick.com,"451,396",shoplunachick
567,https://retropatents.com,"451,588",retropatents
568,https://nwrugs.com,"452,187",nwrugs
569,https://soymacho.com,"452,730",soymacho
570,https://livingroyal.com,"453,093",livingroyal
571,https://mamasfirst.com,"453,368",mamasfirst
572,https://drbrandtskincare.com,"453,471",drbrandtskincare
573,https://flynnskye.com,"453,496",flynnskye
574,https://pipercleo.com,"453,553",pipercleo
575,https://myfavoritemurdershirts.com,"453,676",myfavoritemurdershirts
576,https://uuni.net,"453,999",uuni
577,https://jncojeans.com,"454,120",jncojeans
578,https://reprapchampion.com,"454,382",reprapchampion
579,https://caljavaonline.com,"454,683",caljavaonline
580,https://surfcityparacord.com,"455,201",surfcityparacord
581,https://noblespin.com,"455,393",noblespin
582,https://theharvardshop.com,"455,648",theharvardshop
583,https://joestoes.co.uk,"455,956",joestoes
584,https://thebirdhousechick.com,"456,316",thebirdhousechick
585,https://flattummytea.com,"456,594",flattummytea
586,https://pantryboy.com,"456,706",pantryboy
587,https://royalteeslondon.co.uk,"456,734",royalteeslondon
588,https://machusonline.com,"456,969",machusonline
589,https://oxforddiecast.co.uk,"456,996",oxforddiecast
590,https://fragrantjewels.net,"457,422",fragrantjewels
591,https://beeinspiredclothing.com,"457,765",beeinspiredclothing
592,https://shophopes.com,"457,789",shophopes
593,https://thefowndry.com,"457,961",thefowndry
594,https://esexdolls.com,"457,992",esexdolls
595,https://fatherjohnmisty.store,"458,078",fatherjohnmisty
596,https://miabambinaboutique.com,"458,121",miabambinaboutique
597,https://lampsusa.com,"458,538",lampsusa
598,https://hoopculture.com,"458,941",hoopculture
599,https://contagious.com,"458,999",contagious
600,https://carbonfibergear.com,"459,303",carbonfibergear
601,https://deltachildren.com,"459,385",deltachildren
602,https://humblejuiceco.com,"459,500",humblejuiceco
603,https://animal-jewelry.com,"459,672",animal-jewelry
604,https://clarev.com,"459,833",clarev
605,https://jskis.com,"460,370",jskis
606,https://rnareset.com,"460,899",rnareset
607,https://humbuckermusic.com,"460,933",humbuckermusic
608,https://smart-hoverboards.com,"460,936",smart-hoverboards
609,https://pcgamingrace.com,"461,006",pcgamingrace
610,https://projectrepat.com,"461,097",projectrepat
611,https://comfortableclub.com,"461,578",comfortableclub
612,https://cartezy.com,"462,132",cartezy
613,https://alltheanime.com,"462,237",alltheanime
614,https://pinblock.com,"462,638",pinblock
615,https://carraigdonn.com,"462,923",carraigdonn
616,https://theindianface.com,"462,949",theindianface
617,https://sanshee.com,"463,355",sanshee
618,https://enchantedforestshop.com,"463,567",enchantedforestshop
619,https://krewe.com,"464,078",krewe
620,https://ezscreenprint.com,"464,112",ezscreenprint
621,https://samlaget.no,"464,548",samlaget
622,https://crailstore.com,"464,626",crailstore
623,https://redcon1.com,"464,863",redcon1
624,https://localeclectic.com,"465,005",localeclectic
625,https://pawprime.com,"465,425",pawprime
626,https://retroactivesmokeshop.com,"465,641",retroactivesmokeshop
627,https://optimoz.com.au,"465,859",optimoz
628,https://fitvinewine.com,"465,880",fitvinewine
629,https://whatisblik.com,"466,035",whatisblik
630,https://puretrak.com,"466,317",puretrak
631,https://geniuspipe.com,"466,384",geniuspipe
632,https://mintcrew.com,"466,430",mintcrew
633,https://tevo3dprinterstore.com,"466,528",tevo3dprinterstore
634,https://microphonelens.com,"466,885",microphonelens
635,https://yemoos.com,"466,897",yemoos
636,https://geekchichq.com,"467,108",geekchichq
637,https://filastruder.com,"467,417",filastruder
638,https://damascusapparel.com,"467,440",damascusapparel
639,https://clae.com,"467,508",clae
640,https://audiodamage.com,"468,277",audiodamage
641,https://almarazrecords.com,"468,365",almarazrecords
642,https://pixellogo.com,"468,534",pixellogo
643,https://gpushack.com,"468,706",gpushack
644,https://sapirasleep.com,"468,713",sapirasleep
645,https://alphaclothing.co,"469,030",alphaclothing
646,https://satyajewelry.com,"470,128",satyajewelry
647,https://quinnshop.com,"470,748",quinnshop
648,https://prxperformance.com,"470,837",prxperformance
649,https://buffbunny.com,"470,871",buffbunny
650,https://edocollections.com,"471,033",edocollections
651,https://lifeboostcoffee.com,"471,245",lifeboostcoffee
652,https://mielleorganics.com,"471,783",mielleorganics
653,https://tepuitents.com,"472,554",tepuitents
654,https://hyperbiotics.com,"472,595",hyperbiotics
655,https://victoryvape.com.au,"472,752",victoryvape
656,https://luxurygaragesale.com,"472,753",luxurygaragesale
657,https://minimaterials.com,"472,986",minimaterials
658,https://iwantproof.com,"473,123",iwantproof
659,https://shoyoroll.com,"473,217",shoyoroll
660,https://32degrees.com,"473,366",32degrees
661,https://excisionmerch.com,"473,423",excisionmerch
662,https://ananas.tn,"473,451",ananas
663,https://hoverbot.io,"473,587",hoverbot
664,https://awkwardanimal.com,"473,627",awkwardanimal
665,https://quirksmith.com,"473,747",quirksmith
666,https://gentrynyc.com,"474,209",gentrynyc
667,https://minishopmadrid.com,"474,505",minishopmadrid
668,https://champchairs.com,"474,821",champchairs
669,https://knitting-warehouse.com,"475,191",knitting-warehouse
670,https://jamstik.com,"475,537",jamstik
671,https://flagnorfail.com,"475,664",flagnorfail
672,https://mmawarehouse.ca,"475,960",mmawarehouse
673,https://gnrmerch.com,"476,031",gnrmerch
674,https://efe.com.pe,"476,107",efe
675,https://bedjet.com,"476,204",bedjet
676,https://bingbangnyc.com,"476,340",bingbangnyc
677,https://superninjabargains.com,"476,603",superninjabargains
678,https://rudysbarbershop.com,"476,645",rudysbarbershop
679,https://lehighdefense.com,"476,988",lehighdefense
680,https://bhfo.com,"477,054",bhfo
681,https://ambitiouscustomprinting.com,"477,308",ambitiouscustomprinting
682,https://takedownshop.com,"477,598",takedownshop
683,https://loungeunderwear.com,"477,860",loungeunderwear
684,https://urbancrews.com,"477,979",urbancrews
685,https://patronofthenew.us,"478,128",patronofthenew
686,https://fydgetspinner.com,"478,172",fydgetspinner
687,https://barefootprovisions.com,"478,360",barefootprovisions
688,https://cbcindustries.com,"478,650",cbcindustries
689,https://shoppuppylove.com,"478,725",shoppuppylove
690,https://flashsteals.com,"478,741",flashsteals
691,https://suavecito.com,"479,037",suavecito
692,https://dabadovaporizers.com,"479,118",dabadovaporizers
693,https://canyouhandlebar.com,"479,186",canyouhandlebar
694,https://heroarts.com,"479,235",heroarts
695,https://miista.com,"479,238",miista
696,https://petland.ca,"479,271",petland
697,https://clockura.com,"479,849",clockura
698,https://creationstands.com,"480,020",creationstands
699,https://punkcase.com,"480,049",punkcase
700,https://yungrichnation.com,"480,671",yungrichnation
701,https://gatomall.com,"480,848",gatomall
702,https://zentoro.com,"480,872",zentoro
703,https://alegriashoes.com,"480,914",alegriashoes
704,https://renarts.com,"481,112",renarts
705,https://comeme.com.mx,"481,201",comeme
706,https://boredparacord.com,"481,211",boredparacord
707,https://furlscrochet.com,"481,270",furlscrochet
708,https://thisbarsaveslives.com,"481,393",thisbarsaveslives
709,https://matadorup.com,"481,505",matadorup
710,https://mayoreototal.mx,"481,918",mayoreototal
711,https://textualtees.com,"482,359",textualtees
712,https://inkwellpress.com,"482,483",inkwellpress
713,https://monkeyfabrik.com,"482,862",monkeyfabrik
714,https://vikingmerch.com,"482,937",vikingmerch
715,https://faucetface.com,"482,956",faucetface
716,https://hbnbm.com,"482,960",hbnbm
717,https://mentorbox.com,"483,911",mentorbox
718,https://alalastyle.com,"483,984",alalastyle
719,https://jiberish.com,"484,008",jiberish
720,https://qmxonline.com,"484,278",qmxonline
721,https://vim.com,"484,382",vim
722,https://cimetrics.com,"484,603",cimetrics
723,https://hurom.com,"484,880",hurom
724,https://sa-jewel.com,"484,964",sa-jewel
725,https://offthehook.ca,"485,434",offthehook
726,https://blueingreensoho.com,"485,438",blueingreensoho
727,https://babybrezza.com,"486,163",babybrezza
728,https://froy.com,"486,220",froy
729,https://silvermans.co.uk,"486,264",silvermans
730,https://myuwell.com,"486,345",myuwell
731,https://givemethedirt.com,"486,473",givemethedirt
732,https://lolyinthesky.com.mx,"486,562",lolyinthesky
733,https://phoenixartisanaccoutrements.com,"486,734",phoenixartisanaccoutrements
734,https://condomshop.pk,"486,847",condomshop
735,https://lunatik.com,"487,203",lunatik
736,https://shopangl.com,"487,267",shopangl
737,https://uniqueteeshop.com,"487,299",uniqueteeshop
738,https://danielpatrick.us,"487,529",danielpatrick
739,https://shopjamy.com,"487,759",shopjamy
740,https://sleepingbaby.com,"487,872",sleepingbaby
741,https://leicastoremiami.com,"487,946",leicastoremiami
742,https://hidratespark.com,"488,362",hidratespark
743,https://campusprotein.com,"488,787",campusprotein
744,https://bigballerbrand.com,"488,829",bigballerbrand
745,https://lovethisstuff.com,"489,070",lovethisstuff
746,https://craftshack.com,"489,523",craftshack
747,https://onlygrowth.com,"489,712",onlygrowth
748,https://thesmartesthouse.com,"489,752",thesmartesthouse
749,https://shockingpresents.com,"489,853",shockingpresents
750,https://thebeardking.com,"489,860",thebeardking
751,https://fisherwallace.com,"489,875",fisherwallace
752,https://victoriaemerson.com,"489,993",victoriaemerson
753,https://super7store.com,"490,160",super7store
754,https://black-scale.com,"490,165",black-scale
755,https://nerdskincare.com,"490,311",nerdskincare
756,https://corsetdeal.com,"490,325",corsetdeal
757,https://safeandvaultstore.com,"490,403",safeandvaultstore
758,https://nrml.ca,"490,514",nrml
759,https://paletteandparlor.com,"490,620",paletteandparlor
760,https://firefighterturnoutbag.com,"490,634",firefighterturnoutbag
761,https://buildpiper.com,"490,861",buildpiper
762,https://metathreads.com,"490,929",metathreads
763,https://diademboutique.com,"490,956",diademboutique
764,https://jennibick.com,"491,022",jennibick
765,https://ishop.gt,"491,550",ishop
766,https://ootdfash.com,"491,712",ootdfash
767,https://hardgraft.us,"491,850",hardgraft
768,https://prostreetonline.com,"491,903",prostreetonline
769,https://artofplay.com,"492,102",artofplay
770,https://wickandwireco.com.au,"492,160",wickandwireco
771,https://drewpritchard.co.uk,"492,275",drewpritchard
772,https://firgelliauto.com,"492,328",firgelliauto
773,https://hextie.com,"492,506",hextie
774,https://exooter.com,"492,624",exooter
775,https://knyew.com,"492,908",knyew
776,https://fonezone.biz,"493,351",fonezone
777,https://inatee.com,"493,385",inatee
778,https://skoaktiebolaget.se,"493,688",skoaktiebolaget
779,https://thefeed.com,"494,254",thefeed
780,https://lumoshelmet.co,"494,276",lumoshelmet
781,https://kulanikinis.com,"494,323",kulanikinis
782,https://oliverclod.com,"494,360",oliverclod
783,https://chefsarmoury.com,"494,476",chefsarmoury
784,https://treadlabs.com,"494,584",treadlabs
785,https://booth79.com,"494,595",booth79
786,https://natureloc.com,"494,618",natureloc
787,https://miadonna.com,"494,623",miadonna
788,https://collagevideo.com,"494,769",collagevideo
789,https://dicks-edinburgh.co.uk,"495,112",dicks-edinburgh
790,https://jennikayne.com,"495,181",jennikayne
791,https://kammok.com,"495,229",kammok
792,https://treasurefan.com,"495,484",treasurefan
793,https://lots-of-models.com,"495,590",lots-of-models
794,https://air-purifiers-america.com,"495,615",air-purifiers-america
795,https://perilsole.com,"495,822",perilsole
796,https://mercihandy.com,"495,975",mercihandy
797,https://distortedpeople.com,"495,981",distortedpeople
798,https://fbcoolgadgets.com,"496,012",fbcoolgadgets
799,https://chairs4gaming.com,"496,082",chairs4gaming
800,https://thebonniemob.com,"496,116",thebonniemob
801,https://pistollake.com,"496,230",pistollake
802,https://byhandlondon.com,"496,359",byhandlondon
803,https://zumbawear-me.com,"496,988",zumbawear-me
804,https://cabinzero.com,"497,038",cabinzero
805,https://blundstone.ca,"497,097",blundstone
806,https://madereal.sg,"497,135",madereal
807,https://theouai.com,"497,685",theouai
808,https://thirtyoneboutique.com,"497,904",thirtyoneboutique
809,https://bowsandarrowsberkeley.com,"498,021",bowsandarrowsberkeley
810,https://benchmarkmedia.com,"498,354",benchmarkmedia
811,https://hautehijab.com,"498,489",hautehijab
812,https://prettylittercats.com,"498,809",prettylittercats
813,https://theonlinegamerking.com,"498,976",theonlinegamerking
814,https://swishembassy.com,"499,251",swishembassy
815,https://belkisbarajas.com,"499,270",belkisbarajas
816,https://lekkerhome.com,"499,293",lekkerhome
817,https://bootaybag.com,"499,564",bootaybag
818,https://roaso.com,"499,770",roaso
819,https://naturewise.com,"500,000",naturewise
820,https://bottleneckgallery.com,"500,273",bottleneckgallery
821,https://nekterjuicebar.com,"500,582",nekterjuicebar
822,https://themillionroses.us,"500,638",themillionroses
823,https://smart-balancewheel.com,"500,806",smart-balancewheel
824,https://biossance.com,"500,934",biossance
825,https://feedsmartfood.com,"501,857",feedsmartfood
826,https://simeonpanda.com,"501,943",simeonpanda
827,https://billig-fitness.dk,"501,950",billig-fitness
828,https://humanunlimited.com,"501,961",humanunlimited
829,https://accellcables.com,"502,269",accellcables
830,https://thememebible.com,"502,356",thememebible
831,https://toynk.com,"502,481",toynk
832,https://shoplovestreet.com,"502,758",shoplovestreet
833,https://mikayogawear.com,"502,762",mikayogawear
834,https://bearmattress.com,"502,852",bearmattress
835,https://asiaeshop.com,"503,050",asiaeshop
836,https://desket.co,"503,373",desket
837,https://mannequinmadness.com,"503,423",mannequinmadness
838,https://fiveanddiamond.com,"503,425",fiveanddiamond
839,https://fashionequation.com,"503,436",fashionequation
840,https://umade.cc,"503,600",umade
841,https://maggiescrochet.com,"503,657",maggiescrochet
842,https://mrsbowtie.com,"503,682",mrsbowtie
843,https://backjoy.com,"503,817",backjoy
844,https://cloneawilly.com,"503,907",cloneawilly
845,https://owenandfred.com,"503,934",owenandfred
846,https://juicefromtheraw.com,"504,176",juicefromtheraw
847,https://nolahmattress.com,"504,593",nolahmattress
848,https://senitaathletics.com,"504,918",senitaathletics
849,https://bareperformancenutrition.com,"505,002",bareperformancenutrition
850,https://thepawtracker.com,"505,010",thepawtracker
851,https://madisonandmallory.com,"505,278",madisonandmallory
852,https://fleshlight.ca,"505,320",fleshlight
853,https://floatiekings.com,"505,767",floatiekings
854,https://h2oninjamask.com,"505,779",h2oninjamask
855,https://lifeflix.com,"506,008",lifeflix
856,https://ballandchainco.com,"506,092",ballandchainco
857,https://northstargames.com,"506,170",northstargames
858,https://youpoundit.com,"506,200",youpoundit
859,https://gosunstove.com,"506,262",gosunstove
860,https://westpacklifestyle.co.za,"506,281",westpacklifestyle
861,https://maap.cc,"506,361",maap
862,https://smallwoodhome.com,"506,713",smallwoodhome
863,https://howtomakecosmetics.com,"506,852",howtomakecosmetics
864,https://sales24seven.com,"506,939",sales24seven
865,https://airbladeuav.com,"507,187",airbladeuav
866,https://tessuti-shop.com,"507,276",tessuti-shop
867,https://zoomlite.com.au,"507,697",zoomlite
868,https://boysandarrows.com,"508,412",boysandarrows
869,https://filaments.ca,"508,564",filaments
870,https://primitivestarquiltshop.com,"508,734",primitivestarquiltshop
871,https://reductionrevolution.com.au,"508,930",reductionrevolution
872,https://meliebianco.com,"509,031",meliebianco
873,https://shopriffraff.com,"509,148",shopriffraff
874,https://insaraf.com,"509,153",insaraf
875,https://dharmashop.com,"509,263",dharmashop
876,https://superseeds.com,"509,280",superseeds
877,https://carrislabelle.com,"509,369",carrislabelle
878,https://beddys.com,"509,541",beddys
879,https://slimmingbodyvest.com,"509,799",slimmingbodyvest
880,https://diyrecordingequipment.com,"509,837",diyrecordingequipment
881,https://jachsny.com,"509,994",jachsny
882,https://pimpchimpapparel.com,"510,406",pimpchimpapparel
883,https://bodyaware.com,"510,562",bodyaware
884,https://thesaucela.com,"510,801",thesaucela
885,https://livingwellshop.co,"510,867",livingwellshop
886,https://screensurgeons.com,"511,272",screensurgeons
887,https://thestatusaudio.com,"511,318",thestatusaudio
888,https://docspartan.com,"511,409",docspartan
889,https://mr-ecig.co.uk,"511,457",mr-ecig
890,https://charliehustleshop.com,"511,793",charliehustleshop
891,https://jamiesonvitamins.com,"511,826",jamiesonvitamins
892,https://pearlparadise.com,"512,123",pearlparadise
893,https://totalleecase.com,"512,268",totalleecase
894,https://troopthemes.com,"512,349",troopthemes
895,https://boysco.com,"512,422",boysco
896,https://heralondon.com,"512,471",heralondon
897,https://guerrilla-group.co,"512,838",guerrilla-group
898,https://oppermann-london.com,"512,963",oppermann-london
899,https://dollarhighclub.com,"512,972",dollarhighclub
900,https://willleathergoods.com,"513,012",willleathergoods
901,https://dreamclosetcouture.us,"513,055",dreamclosetcouture
902,https://fransboonestore.com,"513,206",fransboonestore
903,https://7pipe.com,"513,312",7pipe
904,https://freshelites.com,"513,633",freshelites
905,https://holdfastgear.com,"513,688",holdfastgear
906,https://eyesonwalls.com,"513,766",eyesonwalls
907,https://atolyestone.com,"513,859",atolyestone
908,https://hairmax.com,"514,129",hairmax
909,https://bocoliving.com,"514,341",bocoliving
910,https://pixelempire.com,"514,391",pixelempire
911,https://digieffects.com,"514,689",digieffects
912,https://ropelacesupply.com,"514,900",ropelacesupply
913,https://no6store.com,"514,910",no6store
914,https://foriapleasure.com,"514,985",foriapleasure
915,https://shortpar4.com,"515,239",shortpar4
916,https://pwnage.com,"515,338",pwnage
917,https://photoboothsupplyco.com,"515,352",photoboothsupplyco
918,https://lucadanni.com,"515,367",lucadanni
919,https://chaserbrand.com,"515,603",chaserbrand
920,https://canopygrowth.com,"515,630",canopygrowth
921,https://strange-ways.com,"515,835",strange-ways
922,https://thefurnituremegastore.co.uk,"516,087",thefurnituremegastore
923,https://yesterhome.com,"516,589",yesterhome
924,https://mnzstore.com,"516,828",mnzstore
925,https://sundayrest.com,"517,235",sundayrest
926,https://zenupstore.com,"517,663",zenupstore
927,https://libertymaniacs.com,"517,698",libertymaniacs
928,https://iloveapparel.com,"517,803",iloveapparel
929,https://moanabikini.com,"518,050",moanabikini
930,https://courtsidesneakers.com,"518,313",courtsidesneakers
931,https://mainlandskateandsurf.com,"518,415",mainlandskateandsurf
932,https://loftresumes.com,"518,641",loftresumes
933,https://msno.no,"518,662",msno
934,https://officialpaisleypark.com,"518,749",officialpaisleypark
935,https://rebdolls.com,"518,877",rebdolls
936,https://bluefirestore.com,"518,896",bluefirestore
937,https://driftinnovation.com,"519,534",driftinnovation
938,https://destinyimage.com,"519,771",destinyimage
939,https://orukayak.com,"520,070",orukayak
940,https://jonessoda.com,"520,359",jonessoda
941,https://nobleoutfitters.co.uk,"520,602",nobleoutfitters
942,https://modularclosets.com,"520,605",modularclosets
943,https://stylemafia.us,"520,775",stylemafia
944,https://platanomelon.com,"520,789",platanomelon
945,https://piperwai.com,"520,854",piperwai
946,https://nobis.com,"522,016",nobis
947,https://quickdvddelivery.com,"522,129",quickdvddelivery
948,https://greenlightdepot.com,"522,199",greenlightdepot
949,https://blink182merch.com,"522,320",blink182merch
950,https://emmalinebags.com,"522,603",emmalinebags
951,https://armyandoutdoors.co.nz,"522,604",armyandoutdoors
952,https://folgertech.com,"522,757",folgertech
953,https://luxlair.com,"522,804",luxlair
954,https://merimobiles.com,"523,029",merimobiles
955,https://kingbabystudio.com,"523,055",kingbabystudio
956,https://publicschoolnyc.com,"523,128",publicschoolnyc
957,https://twinkledt.com,"523,452",twinkledt
958,https://culturehustle.com,"523,731",culturehustle
959,https://quiltssupply.com,"523,797",quiltssupply
960,https://birding.company,"523,838",birding
961,https://outdoorsonline.com,"523,930",outdoorsonline
962,https://microdrone.co.uk,"524,171",microdrone
963,https://bellalunatoys.com,"524,178",bellalunatoys
964,https://eyelevellink.com,"524,202",eyelevellink
965,https://excalibur-publishing.com,"524,404",excalibur-publishing
966,https://allbirds.co.nz,"524,418",allbirds
967,https://chilabags.com,"524,555",chilabags
968,https://lorettiwatches.com,"524,904",lorettiwatches
969,https://singularu.com,"525,907",singularu
970,https://copyshrug.com,"525,955",copyshrug
971,https://hoagard.com,"526,049",hoagard
972,https://fleurdumal.com,"526,211",fleurdumal
973,https://activefaithsports.com,"526,319",activefaithsports
974,https://yourfishstore.com,"526,934",yourfishstore
975,https://sauvagewear.com,"527,115",sauvagewear
976,https://shopsweetlulu.com,"527,119",shopsweetlulu
977,https://motoloot.com,"527,123",motoloot
978,https://gamergift.net,"527,177",gamergift
979,https://boldandsocial.com,"527,544",boldandsocial
980,https://ettika.com,"527,667",ettika
981,https://ilovelolli.com,"527,692",ilovelolli
982,https://thevectorlab.com,"527,841",thevectorlab
983,https://gumdropcases.com,"527,978",gumdropcases
984,https://sofamania.com,"528,064",sofamania
985,https://exoprotein.com,"528,207",exoprotein
986,https://zubits.com,"528,309",zubits
987,https://shopninespace.com,"528,740",shopninespace
988,https://www.spyguysecurity.com,"528,848",www
989,https://swakdesigns.com,"529,034",swakdesigns
990,https://muc-off.com,"529,189",muc-off
991,https://empoweredcycles.com,"529,223",empoweredcycles
992,https://moyou.co.uk,"529,504",moyou
993,https://synergyclothing.com,"529,600",synergyclothing
994,https://twinsix.com,"529,770",twinsix
995,https://evogimbals.com,"529,773",evogimbals
996,https://znaps.net,"529,832",znaps
997,https://themerchcollective.com,"529,841",themerchcollective
998,https://katyperrymerch.com,"529,958",katyperrymerch
999,https://lampeez.com,"530,040",lampeez
