Sr No,Store Name,Store Category,Email,Store Website,Page Id,Page Link,Subscribers
0,BeeFriendly Skin Care,Skin Care Service,[help@beefriendlyskincare.com],http://beefriendlyskincare.com,152069098315296,https://www.facebook.com/beefriendlyskincare/,14510
1,Fidget360,Games/Toys,[support@fidget360.com],fidget360.com,339902536355803,https://www.facebook.com/fidget360/,607
2,Somethin' Sweet,Clothing (Brand),,http://www.sthsweet.com,936786143013938,https://www.facebook.com/sthsweet/,18
3,Blade City,Website,[support@blade-city.com],http://www.Blade-City.com,1150937424917756,https://www.facebook.com/Blade.city/,871908
4,Wanderer Bracelets,Jewelry/Watches,[info@wandererbracelets.com],http://www.wandererbracelets.com,512544298881474,https://www.facebook.com/wandererbracelets/,332055
5,Bourbon & Boots,Accessories,[customerservice@bourbonandboots.com],https://www.bourbonandboots.com,310388692306885,https://www.facebook.com/bourbonandboots/,395174
6,Bottle Cutting Inc.,Product/Service,,http://www.bottlecutting.com,398948513491170,https://www.facebook.com/bottlecutting/,212401
7,LuminAID,Product/Service,,www.luminaid.com,102172893182514,https://www.facebook.com/LuminAID/,21602
8,Mobicity,Computer Company,[contato@mobi-city.net],http://www.mobicity.com.br,1652000078372315,https://www.facebook.com/Mobicity/,999
9,My Gear Global,Website,,https://www.mygearglobal.com,291310157874266,https://www.facebook.com/mygearglobal/,352
10,Duke & Dexter,Clothing (Brand),[info@dukeanddexter.com],http://www.dukeanddexter.com,626634910739782,https://www.facebook.com/dukeanddexter/,72662
11,Sparks Warehouse,Company,[info@sparkswarehouse.com],http://www.sparkswarehouse.com,367700686740435,https://www.facebook.com/sparkswarehouse/,745
12,Mandu Apparel,Clothing (Brand),,http://www.manduapparel.com,361669057497842,https://www.facebook.com/manduapparel/,2117
13,Costbuys,Brand,,https://www.costbuys.com/,341961906136605,https://www.facebook.com/costbuys/,698
14,Laura's Boutique,Arts & Crafts Store,[laurawalker_12@hotmail.co.uk],,759504724144337,https://www.facebook.com/laurasboutique/,632
15,River Babe Threads,Shopping & Retail,[hello@riverbabethreads.com],http://riverbabethreads.com,257539351089516,https://www.facebook.com/riverbabethreads/,95673
16,Blenders Eyewear,Retail Company,[support@blenderseyewear.com],http://www.blenderseyewear.com,197109710335504,https://www.facebook.com/BlendersEyewear/,356775
17,Obsessive Compulsive Cosmetics,Health/Beauty,[info@occmakeup.com],http://www.occmakeup.com/,57321029760,https://www.facebook.com/occmakeup/,143601
18,Playful Promises,Shopping & Retail,[customerservices@playfulpromises.com],www.playfulpromises.com,343962243881,https://www.facebook.com/PlayfulPromises/,74148
19,Beckett Simonon,Clothing (Brand),,http://www.beckettsimonon.com,413026312096053,https://www.facebook.com/BeckettSimonon/,21465
20,Once Upon a Tee,Clothing (Brand),,http://www.onceuponatee.net,219966874819477,https://www.facebook.com/OnceUponATee/,294689
21,Tha Alumni Music Group,Musician/Band,,http://www.tha-alumni.com/,194987570545427,https://www.facebook.com/ThaAlumni/,293189
22,GMYLE,Product/Service,[support@gmyle.com],https://www.gmyle.com,152311424930549,https://www.facebook.com/GMYLE/,74175
23,GearrUp,Website,,http://www.gearrup.com,113493989074596,https://www.facebook.com/gearrup/,19326
24,ReKtarma,Performing Arts,,,230268017466479,https://www.facebook.com/Rektarmy/,34
25,Planet Superheroes,Retail Company,[care@planetsuperheroes.com],http://www.planetsuperheroes.com,302009323249402,https://www.facebook.com/planetsuperheroes/,244089
26,REASON CLOTHING,Clothing Store,[info@reasonclothing.com],www.reasonclothing.com www.twitter.com/reasonclothing www.instagram.com/reasonclothing,23150530666,https://www.facebook.com/reasonclothing/,39352
27,Sportique,Sports & Recreation,[connect@sportique.com],http://www.sportique.com,187383207961315,https://www.facebook.com/Sportique/,9211
28,Standards Manual,Bookstore,[contact@standardsmanual.com],http://www.standardsmanual.com,134702840247394,https://www.facebook.com/standardsmanual/,13494
29,ChiliPad,Mattress Store,[help@chilitechnology.com],www.chilitechnology.com,166208158503,https://www.facebook.com/ChiliTechnology/,14296
30,Kawaii Pen Shop,Office Supplies,[info@kawaiipenshop.com],http://www.kawaiipenshop.com,1737351073198235,https://www.facebook.com/kawaiipenshop/,116076
31,My Makeup Brush Set,Health/Beauty,,http://www.mymakeupbrushset.com,643767688992692,https://www.facebook.com/mymakeupbrushset/,592439
32,GoldieBlox,Games/Toys,[info@goldieblox.com],http://www.goldieblox.com/,235288203208755,https://www.facebook.com/GoldieBlox/,235999
33,Legging Superstore,Shopping & Retail,,https://www.LeggingSuperstore.com,167316663757406,https://www.facebook.com/LeggingSuperstore/,802
34,Print Gaze,Website,,https://printgaze.com/,149148855522952,https://www.facebook.com/printgaze/,51274
35,HeroMart,Shopping Mall,[heromart@battleon.com],http://www.heromart.com/,113847615341319,https://www.facebook.com/HeroMart/,12955
36,Oz Naturals,Product/Service,,https://oznaturalsblog.wordpress.com/,129605880400141,https://www.facebook.com/OzNaturals/,684
37,Daiserz89,Health/Beauty,[daisy@yourperfectbeauty.com],http://Daisyjing.com,278820002138290,https://www.facebook.com/banishacnescars/,3902
38,Brydge Keyboards,Electronics,[support@brydgekeyboards.com],http://www.brydgekeyboards.com,545046682230650,https://www.facebook.com/brydgekeyboards/,60259
39,Solid and Striped,Clothing (Brand),,"http://www.solidandstriped.com, http://www.twitter.com/solidandstriped, http://instagram.com/solidandstriped, http://www.pinterest.com/solidandstriped/, ",312523052155747,https://www.facebook.com/SolidandStriped/,12919
40,Eye Candy Wear,Jewelry/Watches,[eyecandyclayart@gmail.com],https://instagram.com/eyecandywear_clayart/,897812290273615,https://www.facebook.com/EyeCandyWear/,206
41,WORNSTAR CLOTHING,Clothing Store,[wornstar@wornstar.com],http://www.WORNSTAR.com,119880545167,https://www.facebook.com/wornstar/,1273525
42,Supermarché P.A.,Butcher Shop,,www.supermarchepa.com,230031937012049,https://www.facebook.com/supermarchepa/,2275
43,Iron Fist Clothing,Clothing (Brand),,http://www.ironfistclothing.com/,194864060529406,https://www.facebook.com/ironfistclothing/,245224
44,Rancho Gordo,Shopping & Retail,[customerservice@ranchogordo.com],http://www.ranchogordo.com,25415388605,https://www.facebook.com/ranchogordo/,11195
45,Raging Heroes,Games/Toys,,www.ragingheroes.com (english) www.ragingheroes.fr (français) www.ragingheroes.es (espana),193287231167,https://www.facebook.com/RagingHeroes/,25992
46,Addicted To Audio,Electronics,[info@addictedtoaudio.com.au],http://www.addictedtoaudio.com.au,175806285823817,https://www.facebook.com/AddictedtoAudio/,13341
47,Alien Outfitters,Company,[contact@alienoutfitters.com],http://www.alienoutfitters.com,202769236495714,https://www.facebook.com/AlienOutfitters/,344641
48,Satin-Lined Caps,Clothing (Brand),,http://www.graceeleyae.com,1472241433034742,https://www.facebook.com/satinlinedcaps/,109065
49,Cover FX,Cosmetics Store,[customerservice@coverfx.com],www.coverfx.com www.twitter.com/coverfx www.youtube.com/coverfx www.pinterest.com/coverfx www.instagram.com/coverfx,252167391170,https://www.facebook.com/CoverFX/,73571
50,Marine Layer,Clothing Store,[help@marinelayer.com],http://www.marinelayer.com,66222681822,https://www.facebook.com/marinelayer/,19159
51,Julian Edelman,Athlete,,http://www.julianedelman.com,128950643812629,https://www.facebook.com/JulianEdelman/,1093228
52,Seinfeld Set Replica,Games/Toys,,https://seinfeldsetreplica.com/,1838962839703469,https://www.facebook.com/SeinfeldSetReplica/,2064
53,Roseshire,Product/Service,,http://www.Roseshire.com,631784446902323,https://www.facebook.com/roseshire/,84591
54,Wintercroft Masks,Product/Service,[info@wintercroft.com],http://wintercroft.com/pages/create,226891230842363,https://www.facebook.com/wintercroft/,61960
55,Tranquilo Mat,Baby Goods/Kids Goods,,http://www.tranquilomat.com,305298506345943,https://www.facebook.com/TranquiloMat/,54557
56,Daylight Curfew,Clothing (Brand),[info@daylightcurfew.com],http://www.daylightcurfew.com,155918381120646,https://www.facebook.com/daylightcurfew/,11573
57,Tate + Yoko,Clothing Store,[info@tateandyoko.com],www.tateandyoko.com,266246923408629,https://www.facebook.com/tateandyoko/,8392
58,LITTER,Jewelry/Watches,,http://littersf.com/ http://littersf.com/blogs/blog http://twitter.com/#!/littersf http://littersf.tumblr.com/ http://pinterest.com/littersf.com,59318209328,https://www.facebook.com/littersf/,9621
59,"Mountainside Medical Equipment, Inc",Medical Supply Store,[sales@mountainside-medical.com],http://www.mountainside-medical.com,115882315125176,https://www.facebook.com/mountainsidemedical/,1612
60,Ripstop by the Roll,Outdoor Equipment Store,[info@ripstopbytheroll.com],http://www.ripstopbytheroll.com,373446706157928,https://www.facebook.com/ripstopbytheroll/,3564
61,EasySkinz,Website,[hello@easyskinz.com],https://easyskinz.com,285431484954632,https://www.facebook.com/easyskinz/,362441
62,Naked Shelfies,Education,,,435344923173859,https://www.facebook.com/shelfies/,85
63,It's the journey that Counts - No limit However 2x 5000 is enough,Community,,http://www.benchislett.de/ http://www.lichtspass.de/home.html,566361870088700,https://www.facebook.com/benandfrank/,14
64,Alpine Labs,Camera/Photo,[info@alpinelaboratories.com],https://goo.gl/jWDDit,1393635527516847,https://www.facebook.com/AlpineLaboratories/,8115
65,Citi Trends,Clothing Company,[info@cititrends.com],http://cititrends.com,117073051696546,https://www.facebook.com/cititrends/,589359
66,Swing Design,Website,[retailorders@swingdesign.com],http://www.swingdesign.com,82686041124,https://www.facebook.com/SwingDesign/,117437
67,Mega Tiny Corporation,Retail Company,[hello@megatinycorp.com],https://megatinycorp.com,683516401762248,https://www.facebook.com/megatinycorp/,10741
68,Catholic Online,Religious Organization,[customerservice@catholiconline.email],http://catholic.org,495074195267,https://www.facebook.com/catholiconline/,3092409
69,Pete's Paleo,Grocery Store,[info@petespaleo.com],https://www.petespaleo.com/,297258133656088,https://www.facebook.com/PetesPaleo/,29980
70,Waxwork Records,Record Label,,http://www.waxworkrecords.com,1914727888666449,https://www.facebook.com/waxworkrecords/,25243
71,Back to the Roots,Company,[contact@backtotheroots.com],http://www.backtotheroots.com/,113668652574,https://www.facebook.com/backtotheroots/,66783
72,FluidStance,Product/Service,,https://fluidstance.com,1552354231675597,https://www.facebook.com/FluidStance/,5951
73,ASMDSS Gear,Clothing (Brand),,https://www.asmdssgear.com,201419873524398,https://www.facebook.com/ASMDSSGear/,14047
74,Sengled,Electronics,[mjohnson@sengled.com],https://sengled.com/,223015534568991,https://www.facebook.com/Sengled/,13759
75,Primitive Skateboarding,Product/Service,,http://www.primitiveskate.com,131629207007492,https://www.facebook.com/primitiveskate/,388465
76,InspiringWave,Website,,http://InspiringWave.com,211476599188796,https://www.facebook.com/InspiringWave/,19985
77,Case Of Mine,Retail Company,,http://caseofmine.com/,709651055758810,https://www.facebook.com/CaseOfMine/,510496
78,Zyppah | Anti-Snoring Oral Appliance,Product/Service,,http://bit.ly/Zyppah-Buy-Now,156686571108870,https://www.facebook.com/zyppah/,7317
79,Liquid Barn,Wholesale & Supply Store,[ash@liquidbarn.com],http://www.liquidbarn.com,1420622398184711,https://www.facebook.com/liquidbarn/,2880
80,Jazzbacks Downloadable Backing Tracks,Product/Service,,www.jazzbacks.com,152120238139003,https://www.facebook.com/Jazzbacks/,1397
81,Leadership IQ,Business Consultant,[info@leadershipiq.com],http://www.leadershipiq.com/,179925448694848,https://www.facebook.com/LeadershipIQ/,3550
82,Open Gaming Store,Retail Company,,http://www.opengamingstore.com/,467510623443993,https://www.facebook.com/opengamingstore/,2468
83,FLATSEVEN Mens Designer Clothes,Clothing (Brand),,https://www.flatseven.net,250553841654115,https://www.facebook.com/FLATSEVEN/,188771
84,Universal Store,Clothing (Brand),[help@universalstore.com.au],http://www.universalstore.com,331838857128,https://www.facebook.com/universalstore/,66630
85,Naelofar kelantan,Clothing (Brand),,,1516176871985193,https://www.facebook.com/Naelofarhijab/,1094
86,FiXT,Record Label,,http://www.fixtonline.com,17658674894,https://www.facebook.com/fixtmusic/,24177
87,Quad Lock,Outdoor & Sporting Goods Company,,www.quadlockcase.com,182014448548677,https://www.facebook.com/quadlockcase/,242293
88,Winky Lux,Health/Beauty,[info@winkylux.com],http://www.winkylux.com,830621223701279,https://www.facebook.com/winkylux/,13682
89,Bedrocan,Medical Company,[info@bedrocan.com],http://www.bedrocan.com,150015421726681,https://www.facebook.com/Bedrocan/,4265
90,Mobicity,Computer Company,[contato@mobi-city.net],http://www.mobicity.com.br,1652000078372315,https://www.facebook.com/Mobicity/,999
91,TrustBasket.com,Local Business,,http://trustbasket.com/,374417172721841,https://www.facebook.com/TrustBasket/,134665
92,Sole Steals,Retail Company,[support@solesteals.com],http://www.solesteals.com,1525742144405784,https://www.facebook.com/solesteals/,3201
93,Roots Of Fight,Clothing (Brand),,www.rootsoffight.com,166099340144041,https://www.facebook.com/RootsOfFight/,85283
94,Fully FILMY!,Website,,http://blogs.friedeye.com/fullyfilmy/,132852610086399,https://www.facebook.com/fullyFILMY/,610
95,Global Girlfriend,Company,,www.GlobalGirlfriend.com,182547125315,https://www.facebook.com/GlobalGirlfriend/,15211
96,Boutine L.A.,Clothing (Brand),[info@boutinela.com],http://www.boutinela.com,431700423564195,https://www.facebook.com/BoutineLa/,32632
97,Dicks By Mail,Candy Store,,https://web.facebook.com/DicksByMail,312931155707655,https://www.facebook.com/DicksByMail/,264
98,iOgrapher,Phone/Tablet,,http://iographer.com,381141015305778,https://www.facebook.com/Iographer/,34549
99,Rowdy Gentleman,Clothing (Brand),[contact@grandex.co],http://RowdyGentleman.com,224328274304479,https://www.facebook.com/RowdyGentleman/,87611
100,Supple Squid,Website,,http://supplesquid.com,1646019055636786,https://www.facebook.com/SuppleSquid/,1539
101,Nectar Sunglasses,Company,[info@nectarsunglasses.com],http://www.nectarsunglasses.com,232754130116441,https://www.facebook.com/nectarsunglasses/,127548
102,HeyCarson Shopify Experts,Business Service,[hello@heycarson.com],http://www.heycarson.com,1559363147670492,https://www.facebook.com/heycarson/,1685
103,Lolly Wolly Doodle,Clothing (Brand),,www.lollywollydoodle.com,236265058448,https://www.facebook.com/LollyWollyDoodle/,1529263
104,Gooseberry Intimates,Clothing (Brand),[info@gooseberryintimates.com],http://www.gooseberryintimates.com,268892246537012,https://www.facebook.com/gooseberryintimates/,144966
105,Geared,Outdoor & Sporting Goods Company,,,838120586252449,https://www.facebook.com/Gearedin/,952
106,"""WE ARE UNDERGROUND""",Musician/Band,,,128467140561763,https://www.facebook.com/wEarEundergrounD/,179
107,Iptv Online,TV Channel,[iptvonlinepro@gmail.com],http://iptv.starbr.in/cadtest.php?r=V2tSS1YyTXlTa2hpU0ZaaFRURktNbGx0TVZKUVVUMDk=,945647958835057,https://www.facebook.com/iptvonline/,399
108,Ultimate Eleven,School Sports Team,,,117381341646718,https://www.facebook.com/unknwn/,422
109,บุหรี่ไฟฟ้า น้ำยาบุหรี่ไฟฟ้า - Thai Vape Shop,Wholesale & Supply Store,[support@thaivapeshop.com],http://www.Thaivapeshop.com,248422705491406,https://www.facebook.com/Thaivapeshop/,30026
110,Saved by the Dress,Clothing (Brand),,http://www.savedbythedress.com,422502264514718,https://www.facebook.com/SavedByTheDress/,1582853
111,Schutz,Clothing (Brand),[onlinestore@schutz-shoes.com],http://www.schutz-shoes.com,260186584103284,https://www.facebook.com/SchutzShoes/,1982657
112,SHOPPIIN,Website,[customercare@shoppiin.com],http://www.shoppiin.com,512726815430726,https://www.facebook.com/SHOPPIIN/,13371
113,Snow Peak,Outdoor Equipment Store,[info@snowpeak.com],http://www.snowpeak.com/,113269399807,https://www.facebook.com/snowpeak/,26203
114,Vapeando ando,Health/Beauty,,,567756023431308,https://www.facebook.com/vapeandoando/,99
115,Hem,Furniture Store,[support@hem.com],http://hem.com/,1423519784589503,https://www.facebook.com/Hem/,61839
116,Drunk Elephant Comics,Website,,http://www.drunkelephantcomics.com/,34689197791,https://www.facebook.com/drunkelephant/,75
117,Barbell Apparel,Clothing (Brand),,http://www.barbellapparel.com,1449316038636005,https://www.facebook.com/barbellapparel/,162605
118,Clothing Arts,Clothing (Brand),,clothingarts.com,74175497048,https://www.facebook.com/ClothingArts/,7658
119,CW Pencil Enterprise,Office Supplies,[info@cwpencils.com],http://cwpencils.com,1517412145193729,https://www.facebook.com/cwpencils/,11612
120,The Gold Gods,Jewelry/Watches,,http://www.thegoldgods.com,449585941819266,https://www.facebook.com/thegoldgods/,81408
121,Stand Up Desk You Build,Health/Beauty,,,142855325815588,https://www.facebook.com/StandDesk/,34
122,W&P Design,Retail Company,[info@wandpdesign.com],www.wandpdesign.com,308146469259885,https://www.facebook.com/wandpdesign/,9125
123,Me First Living,Health/Beauty,[support@mefirstliving.com],http://www.mefirstliving.com,523972197654663,https://www.facebook.com/MeFirstLiving/,53745
124,atisundar,Clothing (Brand),,http://www.atisundar.com,348895641870466,https://www.facebook.com/atisundar/,485878
125,Stuff Nice,Website,,www.stuffnice.com,669727429875325,https://www.facebook.com/StuffNice/,172727
126,FRIGHT-RAGS,Company,[service@fright-rags.com],http://www.fright-rags.com,106670601199,https://www.facebook.com/frightrags/,91031
127,Tolerated Cinematics,Blogger,,https://www.toleratedcinematics.com/,171207936235442,https://www.facebook.com/ToleratedCinematics/,8925
128,Walletwerks,Clothing (Brand),,http://cdn.shopify.com/s/files/1/0172/7734/t/1/assets/carousel-item-1.jpg?1150,464053683636415,https://www.facebook.com/Walletwerks/,295
129,Haggard Racing,Sports Team,[losad34@hotmail.com],www.hookit.com/joegibas,418448414904687,https://www.facebook.com/HaggardRacing/,191
130,Sweets Kendamas,Games/Toys,[cs@sweetskendamas.com],www.sweetskendamas.com,124505677602077,https://www.facebook.com/sweetskendamas/,37350
131,Booq | Taiwan 粉絲團,Shopping & Retail,,http://www.booqbags.com/,118844881471887,https://www.facebook.com/Booqbags/,849
132,SeaVees,Clothing (Brand),[cs@seavees.com],http://www.seavees.com,55463301409,https://www.facebook.com/SeaVees/,15593
133,Zen Like Products,Product/Service,,http://www.ZenLikeProducts.com,564165553735716,https://www.facebook.com/zenlikeproducts/,463271
134,Woodgeekstore,Website,[hello@woodgeekstore.com],https://www.woodgeekstore.com/,565181610275665,https://www.facebook.com/woodgeekstore/,44640
135,Seek For Chic,Jewelry/Watches,[support@seekforchic.com],http://seekforchic.com,273382836353401,https://www.facebook.com/seekforchic/,54368
136,Easy to Grow Bulbs,Garden Center,[service@easytogrowbulbs.com],http://www.easytogrowbulbs.com/default.aspx,107077269321236,https://www.facebook.com/easytogrowbulbs/,47417
137,Inner Fire,Clothing (Brand),,www.myinnerfire.com,236585009766239,https://www.facebook.com/myinnerfire/,10123
138,Ztylus,Camera/Photo,[info@ztylus.com],http://ztylus.com,596863307045804,https://www.facebook.com/Ztylus/,16837
139,Clad&Cloth,Clothing (Brand),[info@cladandcloth.com],http://cladandcloth.com,170689323135182,https://www.facebook.com/cladandcloth/,4314
140,Conscious Ink,Product/Service,[questions@consciousink.com],http://consciousink.com,176056979118219,https://www.facebook.com/ConsciousInk/,55624
141,Stayblcam,Retail Company,[contact@stayblcam.com],http://www.stayblcam.com,612908612113725,https://www.facebook.com/stayblcam/,7985
142,Florence Scovel Jewelry,Jewelry/Watches,[info@florencescovel.com],http://www.florencescovel.com,825052627521152,https://www.facebook.com/FlorenceScovelJewelry/,991975
143,Power Practical,Electronics,,https://powerpractical.com,147813221981556,https://www.facebook.com/PowerPractical/,20514
144,TOSSIJN,Clothing (Brand),[shop@tossijn.com],https://tossijn.com,445486895827349,https://www.facebook.com/tossijn/,466
145,Totebagfactory,Shopping & Retail,[support@totebagfactory.com],https://totebagfactory.com,884403441586811,https://www.facebook.com/Totebagfactory/,49755
146,Japan Code Supply,Gift Shop,[service@japancodesupply.com],http://japancodesupply.com,179743008872699,https://www.facebook.com/japancodesupply/,18079
147,Follain,Cosmetics Store,[info@follain.com],follain.com,164478280389751,https://www.facebook.com/shopfollain/,10174
148,The CBDistillery,Pharmacy / Drugstore,,http://www.theCBDistillery.com,215223832236823,https://www.facebook.com/theCBDistillery/,5086
149,Profound Aesthetic,Clothing (Brand),[info@profoundco.com],www.profoundco.com,35514697291,https://www.facebook.com/profoundco/,24800
150,Bento&co,Kitchen/Cooking,[contact@bentoandco.com],http://www.bentoandco.com http://en.bentoandco.com,123586087693532,https://www.facebook.com/bentoandco/,84677
151,Totemo Kawaii Shop,Clothing (Brand),,http://www.totemokawaiishop.com,487323718139444,https://www.facebook.com/TotemoKawaiiShop/,28674
152,Caudabe,Electronics,,http://www.caudabe.com,433454783373601,https://www.facebook.com/Caudabe/,29753
153,Mile High Themes,Computer Company,[info@milehighthemes.com],http://www.milehighthemes.com,364257880446490,https://www.facebook.com/milehighthemes/,293
154,INFANTINO Abiti Su misura,Clothing Store,[info@infantino.biz],http://www.sartoriainfantino.it,159107407441016,https://www.facebook.com/infantino/,2062
155,Hat Club,Hat Store,[customerservice@hatclub.com],http://www.HatClub.com,61361310766,https://www.facebook.com/hatclub/,106880
156,Siwy Denim,Clothing (Brand),[hello@siwydenim.com],http://www.siwydenim.com/,106882989344481,https://www.facebook.com/siwydenim/,83221
157,Happy Trunk Apparel,Website,,http://www.happytrunkapparel.com,872390186164164,https://www.facebook.com/happytrunkapparel/,494781
158,Build Your Own Clone,Electronics,,http://buildyourownclone.com,173859072824508,https://www.facebook.com/buildyourownclone/,11619
159,The Survivalist Depot,Website,,http://www.thesurvivalistdepot.com,241223822891453,https://www.facebook.com/TheSurvivalistDepot/,58800
160,Naja,Clothing (Brand),[support@naja.co],http://www.naja.co,1407083856174885,https://www.facebook.com/naja/,131978
161,Heathens' Hoard,Website,,http://heathenshoard.com,779706478795041,https://www.facebook.com/heathenshoard/,93909
162,ซัมไทม์,Local Business,,,703282379688087,https://www.facebook.com/Sometime/,275
163,Just Tangy,Jewelry/Watches,,http://www.JustTangy.com,346489588804467,https://www.facebook.com/JustTangy/,2099
164,Lookbook Store,Women's Clothing Store,[facebook@lookbookstore.com],https://www.lookbookstore.co,328757027219838,https://www.facebook.com/lookbookstore/,144627
165,Vianel Studios,Product/Service,[info@vianelnewyork.com],http://vianelnewyork.com,149168411936612,https://www.facebook.com/vianelnewyork/,2619
166,Startup Drugz,Clothing (Brand),,http://startupdrugz.com/,1645202799045204,https://www.facebook.com/startupdrugz/,19570
167,Laconicum.com,"Beauty, Cosmetic & Personal Care",[hola@laconicum.com],laconicum.com,245435912136049,https://www.facebook.com/laconicum/,30573
168,Subli Blanks Limited - UK Dye Sublimation supplies,Printing Service,[enquiries@subliblanks.com],http://www.subliblanks.com,165474876966102,https://www.facebook.com/SubliBlanks/,1562
169,FringeSport,Sporting Goods Store,[team@fringesport.com],www.fringesport.com,127637140620521,https://www.facebook.com/FringeSport/,17904
170,rms beauty,Makeup Artist,[customerservice@rmsbeauty.com],www.rmsbeauty.com,387099954520,https://www.facebook.com/rmsbeauty/,24661
171,ANINE BING,Clothing (Brand),[info@aninebing.com],http://aninebing.com,666785700084540,https://www.facebook.com/ANINEBING/,33429
172,Envision,Advertising Agency,[info@envision.dk],www.envision.dk www.envisionblog.dk www.twitter.com/envision_dk,170016683019181,https://www.facebook.com/envision/,1510
173,Virtual-Studio-Set.com,Broadcasting & Media Production Company,[info@virtual-studio-set.com],http://www.virtual-studio-set.com,172701211078,https://www.facebook.com/virtual.studio.set/,8021
174,Meze Audio,Product/Service,,http://www.mezeaudio.com,626478514055459,https://www.facebook.com/mezeaudio/,9304
175,GRAY,Product/Service,[contact@gray-international.com],http://www.gray-international.com,916981725042436,https://www.facebook.com/grayinternational/,22705
176,Baseballism,Clothing (Brand),[believe@baseballism.com],http://www.baseballism.com,266462573370498,https://www.facebook.com/baseballism/,794276
177,Lifestyle by PS,Clothing (Brand),[info@lifestylebyps.com],www.lifestylebyps.com,179897122093803,https://www.facebook.com/LifestylebyPS/,11073
178,Mieux que des fleurs,Gift Shop,[bonjour@mieuxquedesfleurs.com],http://www.mieuxquedesfleurs.com/,334388230082098,https://www.facebook.com/mieuxquedesfleurs/,7362
179,Military Supply USA,Product/Service,,http://militarysupplyusa.com,957403294307562,https://www.facebook.com/MilitarySupplyUSA/,5004
180,Patricia Field,Public Figure,,http://www.patriciafield.com,566918830108632,https://www.facebook.com/patriciafield/,14577
181,Tenslife,Community Organization,,,122259381795351,https://www.facebook.com/Tenslife/,14
182,FORMUFIT,Building Materials,,http://formufit.com,123159971033230,https://www.facebook.com/formufit/,12054
183,ILY COUTURE,Shopping & Retail,[info@ilycouture.com],ilycouture.com,203258473078929,https://www.facebook.com/ILYCOUTURE/,27776
184,My First Blush,Shopping & Retail,[help@myfirstblush.com],https://www.myfirstblush.com,386180714907930,https://www.facebook.com/myfirstblush/,74
185,Bodeaz,Health & Wellness Website,[contact@dealeaz.com],https://bodeaz.com,831982870254263,https://www.facebook.com/BodeazFitness/,718286
186,Miss Hamptons,Company,[contact@misshamptons.com],http://misshamptons.com,132429393613083,https://www.facebook.com/MissHamptons/,772846
187,Worldwide Cyclery,Bicycle Shop,[info@worldwidecyclery.com],http://WorldwideCyclery.com,174577579327587,https://www.facebook.com/worldwidecyclery/,11813
188,Clean Themes Studio,Web Designer,[info@cleanthemes.net],http://www.cleanthemes.net,1460177770977127,https://www.facebook.com/cleanthemes/,24
189,Animography,Product/Service,,www.animography.net,361532297222534,https://www.facebook.com/animography/,13144
190,Unique Gifts Store,Website,,https://uniquegiftsstore.net/,176947586035021,https://www.facebook.com/uniquegiftsstore/,14
191,Trub,Artist,,https://m.facebook.com/TrubRain/?tsid=0.2690340759029183&source=typeahead,255186831251484,https://www.facebook.com/TrubRain/,271
192,Laybag,Bags/Luggage,,http://www.productmargje.com,312902322210761,https://www.facebook.com/laybag/,561
193,Ann's Fabulous Finds,Retail Company,,"http://annsfabulousfinds.com
http://www.annsfabulouscloseouts.com/
http://shop.ebay.com/annsfabfinds/m.html
",157333608552,https://www.facebook.com/annsfabulousfinds/,4520
194,Time Timer - Make Every Moment Count,Office Supplies,[support@timetimer.com],timetimer.com,104719279581463,https://www.facebook.com/TimeTimer/,3624
195,Blazed Wear,Clothing (Brand),[sales@blazedwear.com],https://blazedwear.com,1626984260925549,https://www.facebook.com/blazedwear/,754
196,GC eyewear,Product/Service,[service@gceyewear.com],https://gceyewear.com/,638339442926232,https://www.facebook.com/GCeyewear/,41418
197,Aquarium Co-Op,Pet Supplies,[store@aquariumcoop.com],http://www.aquariumcoop.com,1377318855824485,https://www.facebook.com/AquariumCoOp/,21181
198,KL Polish,Health/Beauty,,http://www.klpolish.com,588620304678506,https://www.facebook.com/klpolish/,31555
199,Xpand Lacing System,Clothing (Brand),,https://www.xpandlaces.com,1510237439297033,https://www.facebook.com/Xpandlaces/,28829
200,Yellow Leaf Hammocks,Shopping & Retail,[hello@yellowleafhammocks.com],http://www.yellowleafhammocks.com,135416649803961,https://www.facebook.com/yellowleafhammocks/,5335
201,The Social Life,Clothing (Brand),[info@thesociallife.com],http://thesociallife.com/,337312732958095,https://www.facebook.com/TheSocialLife/,21428
202,Wool&Prince,Clothing (Brand),,http://woolandprince.com,248649575266794,https://www.facebook.com/WOOLandPRINCE/,5360
203,Spoke Art,Art Gallery,[info@spoke-art.com],http://www.spoke-art.com,135907266453996,https://www.facebook.com/spokeart/,190657
204,CORKCICLE,Product/Service,,www.corkcicle.com,140527019358724,https://www.facebook.com/Corkcicle/,254130
205,Juguetron,Games/Toys,,http://www.juguetron.mx,103452316355014,https://www.facebook.com/Juguetron/,417410
206,Olivers Apparel,Clothing (Brand),[contact@oliversapparel.com],http://www.oliversapparel.com,511090498956699,https://www.facebook.com/OliversApparel/,12476
207,Olaplex,Health/Beauty,[info@olaplex.com],http://olaplex.com,347578558683494,https://www.facebook.com/olaplex/,764938
208,Premier Yarns,Company,[info@premieryarns.com],http://www.premieryarns.com,202696386498421,https://www.facebook.com/PremierYarns/,14799
209,Barbas & Zacári,Jewelry/Watches,,http://barbasandzacari.com,114433858906920,https://www.facebook.com/barbasandzacari/,16585
210,American Rag,Clothing (Brand),,http://macys.com/americanrag,135786700404,https://www.facebook.com/americanrag/,453341
211,Lucky Tackle Box,Outdoor & Sporting Goods Company,[support@luckytacklebox.com],http://www.luckytacklebox.com,204178533073856,https://www.facebook.com/LuckyTackleBox/,222866
212,Novanym,Local Business,[hello@novanym.com],http://novanym.com,340900742766799,https://www.facebook.com/novanym/,65
213,Roden Gray,Retail Company,[info@rodengray.com],http://rodengray.com,277733660547,https://www.facebook.com/rodengray/,4764
214,Hot Chocolate,Sports Event,[compras@hotchocolatedesign.com],http://www.hotchocolatedesign.com,50562515110,https://www.facebook.com/HotChocolateDesign/,225609
215,BioClarity,Health/Beauty,[care@bioclarity.com],http://www.BioClarity.com,591449177669888,https://www.facebook.com/bioclarity/,18158
216,Ships-a-Lot,E-commerce Website,[info@shipsalot.com],http://www.Ships-a-lot.com,1010504422319458,https://www.facebook.com/Shipsalot/,484
217,The Brubaker,Clothing (Brand),,http://www.thebrubaker.com,510077089041619,https://www.facebook.com/TheBrubaker/,35145
218,Three Bird Nest,Clothing (Brand),[hello@threebirdnest.com],https://www.threebirdnest.com,189611674455412,https://www.facebook.com/threebirdnest/,602580
219,The Designers Foundry,Website,[hi@thedesignersfoundry.com],http://www.TheDesignersFoundry.com,344433278926933,https://www.facebook.com/TheDesignersFoundry/,9353
220,Mineral Fusion,Cosmetics Store,,http://mineralfusion.com/ http://twitter.com/mineralfusion,324394437711,https://www.facebook.com/MineralFusion/,43680
221,Ejuice Direct,Shopping & Retail,[info@ejuicedirect.com],http://www.eJuiceDirect.com,1528108314122698,https://www.facebook.com/ejuicedirect/,3756
222,Off Duty Basics,Health/Beauty,[cs@offdutyintimates.com],http://www.offdutybasics.com,1.53695E+15,https://www.facebook.com/OFFDUTYbasics/,1072
223,FASHIONABLE,Accessories,[support@livefashionable.com],https://www.livefashionable.com/,149120068440212,https://www.facebook.com/livefashionABLE/,40204
224,Saga Outerwear,Clothing (Brand),[contact@sagaouterwear.com],http://www.sagaouterwear.com,31600914518,https://www.facebook.com/sagaouterwear/,72400
225,Pixi Beauty,Health/Beauty,[info@pixibeauty.com],http://www.pixibeauty.com,55635571914,https://www.facebook.com/PixiBeauty/,286826
226,Savvy Watch,Jewelry/Watches,,"http://www.savvywatch.com
http://twitter.com/SavvyWatch",178249185521375,https://www.facebook.com/savvywatch/,935
227,Popular Game Accounts,Brand,,,1388098117888397,https://www.facebook.com/PopularGameAccounts/,91897
228,FREEWALK,Clothing (Brand),[frewalkco@gmail.com],http://www.freewalkco.com,281528918858611,https://www.facebook.com/freewalkco/,6715
229,Ornamic,Home Decor,[support@ornamic.com],http://www.ornamic.com,733160136835171,https://www.facebook.com/ornamic/,98
230,Virus | Action Sport Performance,Sportswear Store,[customerservice@virusintl.com],www.virusintl.com,109780999105715,https://www.facebook.com/VirusIntl/,31433
231,Right Channel Radios,Sports & Recreation,[http://www.rightchannelradios.com/contact-us-form],http://www.rightchannelradios.com/,179347976654,https://www.facebook.com/RightChannelRadios/,2726
232,World of Wool,Arts & Crafts Store,[info@worldofwool.co.uk],http://www.worldofwool.co.uk,190169138410,https://www.facebook.com/worldofwool/,6469
233,Southern Marsh Collection,Clothing (Brand),,http://www.southernmarsh.com,10516489249,https://www.facebook.com/southernmarsh/,310886
234,Ellen Shop,Product/Service,[jinglixu6@gmail.com],,1079323325420499,https://www.facebook.com/EllenShop/,17
235,American Button Machines,Arts & Crafts Store,,http://www.AmericanButtonMachines.com,303574310110,https://www.facebook.com/AmericanButtonMachines/,3296
236,SAVAGE,Jewelry/Watches,,http://www.instagram.com/svaccessories,1608582579427258,https://www.facebook.com/savageaccessories/,197
237,FREE Hip Hop Producer Drum Kits Collection,Product/Service,,http://www.BeatMakingBeats.com,382704833125,https://www.facebook.com/HipHopDrumSamples/,1003
238,Monstersteel,Retail Company,[social@monstersteel.com],"http://www.monstersteel.com, http://twitter.com/monstersteel",368032363249517,https://www.facebook.com/Monstersteel/,9511
239,Nicotine River,Wholesale & Supply Store,[info@nicotineriver.com],http://www.nicotineriver.com,743034265753804,https://www.facebook.com/nicotineriver/,2068
240,Fat Beats,Record Label,[orders@fatbeats.com],http://fatbeats.com,111750978893862,https://www.facebook.com/fatbeats/,28773
241,Sixpack - ชุดออกกำลังกาย ชุดฟิตเนส ชุดกีฬา ราคาถูก คุณภาพดี,Sportswear Store,,https://www.facebook.com/sixpackshop/,246597352490032,https://www.facebook.com/sixpackshop/,103
242,Mayday Games,Game Publisher,[support@maydaygames.com],https://www.maydaygames.com/,106323336072372,https://www.facebook.com/maydaygames/,7283
243,Sassy Assy Clubwear,Clothing (Brand),,http://www.sassyassyclubwear.com,183816711771252,https://www.facebook.com/SassyAssyClubwear/,1720
244,Lauren Moshi,Clothing Store,[customerservice@laurenmoshi.com],https://laurenmoshi.com,258059156921,https://www.facebook.com/LaurenMoshi/,17911
245,LEIF,Gift Shop,[hello@leifshop.com],http://www.leifshop.com,189085151125585,https://www.facebook.com/leifshop/,9180
246,BHB Reptiles,Pet Breeder,[lori@bhbreptiles.com],http://www.bhbreptiles.com,135784423140493,https://www.facebook.com/BHBReptiles/,181568
247,DNDFDirect.com,Health & Wellness Website,[sales@dndfdirect.com],http://dndfdirect.com,1737782659832536,https://www.facebook.com/DNDFDirect/,377
248,Electro Threads,Clothing (Brand),[help@electrothreads.com],http://ElectroThreads.com,110404602463289,https://www.facebook.com/ElectroThreads/,2480230
249,OBEYTHEKOREAN,Company,[obeythekorean@hotmail.com],http://obeythekorean.net,1916208241937879,https://www.facebook.com/obeythekorean/,15084
250,Liverpool University Press,Publisher,[lup@liverpool.ac.uk],www.liverpooluniversitypress.co.uk,1337802146307653,https://www.facebook.com/liverpooluniversitypress/,113
251,Makeup Mekka,Health/Beauty,[kundeservice@makeupmekka.no],http://www.makeupmekka.no,93439204168,https://www.facebook.com/makeupmekka/,120015
252,Brand Value Accelerator llc,Web Designer,[agency@bvaccel.com],http://www.bvaccel.com,135629963162801,https://www.facebook.com/BVAccel/,4055
253,MartView™,Retail Company,[marc@martview.com],www.martview.com,113421472032578,https://www.facebook.com/martview/,101249
254,Huk Gear,Outdoor & Sporting Goods Company,,hukgear.com,774308335912830,https://www.facebook.com/HukGear/,344030
255,Little Bird Electronics,Computers & Internet Website,,www.littlebirdelectronics.com,18897478072,https://www.facebook.com/littlebirdelectronics/,6955
256,Veppo Vape Shop,E-Cigarette Store,[info@veppocig.com],http://veppocig.com,194610886420,https://www.facebook.com/VeppoCig/,3735
257,Combat Flip Flops,Clothing (Brand),[info@combatflipflops.com],www.combatflipflops.com,189541217747695,https://www.facebook.com/combatflipflops/,67170
258,Hobbies Discount,Advertising/Marketing,,http://hobbiesdiscount.net,1697365367179844,https://www.facebook.com/HobbiesDiscount/,340449
259,Irene's Story,Shopping & Retail,[order@irenesstory.com],http://www.irenesstory.com/,143283099026148,https://www.facebook.com/IrenesStory/,27953
260,3Dio,Electronics,[customercare@3diosound.com],http://3diosound.com,583766191653726,https://www.facebook.com/3diosound/,1357
261,G-Easy Store,Clothing Store,,,126830257924289,https://www.facebook.com/geazystore/,488
262,Boost Heaven,Community,,,135729156844648,https://www.facebook.com/BoostHeaven/,377
263,Arcadia Movement,Clothing (Brand),,http://www.arcadiamovement.com,782243295217691,https://www.facebook.com/arcadiamovement/,707
264,Choice Slides,Entertainment Website,[choiceslides@gmail.com],www.choiceslides.com,85481314504,https://www.facebook.com/ChoiceSlides/,1822
265,ADUNA.ro,Website,[info@aduna.ro],http://www.aduna.ro,1389943667909359,https://www.facebook.com/aduna/,25959
266,Shore Projects,Jewelry/Watches,,http://shoreprojects.com,533555053400918,https://www.facebook.com/ShoreProjects/,23544
267,Ground Zero Precision,Machine Shop,[customerservice@blaminc.com],https://www.groundzeroprecision.com,908274265871257,https://www.facebook.com/GroundZeroPrecision/,17765
268,RaceDayQuads,Shopping & Retail,[racedayquads@gmail.com],http://www.RaceDayQuads.com,847246642086558,https://www.facebook.com/RaceDayQuads/,3317
269,Dress Up,Women's Clothing Store,[info@shopdressup.com],http://www.ShopDressUp.com,154564913600,https://www.facebook.com/ShopDressUp/,297599
270,樂三三音樂餐廳,Wine Bar,[lot33168@yahoo.com.tw],https://www.facebook.com/lot33,371774139537476,https://www.facebook.com/lot33/,10663
271,Medieval Depot,Outdoor Equipment Store,,http://www.medievaldepot.com,1521165054880232,https://www.facebook.com/MedievalDepot/,572
272,Condor Cycles,Bicycle Shop,[customer.service@condorcycles.com],http://www.condorcycles.com,1010634438971112,https://www.facebook.com/condorcycles/,4810
273,KollectionK,Website,[help@kollectionk.com],https://kollectionk.com,243172942460952,https://www.facebook.com/kollectionk/,16850
274,Besame Cosmetics,Beauty Supply Store,[info@besamecosmetics.com],http://www.besamecosmetics.com,125013798684,https://www.facebook.com/BesameCosmetics/,70397
275,Shark Tank,TV Show,,http://abc.go.com/shows/shark-tank,166082193402927,https://www.facebook.com/SharkTank/,1511937
276,On Point Looks,Health/Beauty,,,1810677039199161,https://www.facebook.com/OnPointLooks/,4141
277,Stand Out CV & Linkedin Services,Writing Service,[standoutcv@hotmail.com],http://www.standoutcvservices.com/,1457971621121005,https://www.facebook.com/StandOutCV/,1503
278,Content Beauty/Wellbeing,Skin Care Service,[help@beingcontent.com],http://www.contentbeautywellbeing.com,14720339025,https://www.facebook.com/ContentBeautyWellbeing/,6530
279,Just Love Cats,Website,[support@justlovecats.com],http://JustLoveCats.com,474561556056374,https://www.facebook.com/justlovecats/,118168
280,Vape Monster City,Retail Company,[sales@vapemonstercity.co.uk],https://vapemonstercity.co.uk/,298742803866590,https://www.facebook.com/vapemonstercity/,9
281,Few Moda,Shopping & Retail,,http://www.fewmoda.com,351708118229268,https://www.facebook.com/fewmoda/,47729
282,Posteroz,Website,,https://posteroz.com,1630741500561632,https://www.facebook.com/posteroz/,0
283,Rokform,Product/Service,[info@rokform.com],www.rokform.com,122008874533953,https://www.facebook.com/Rokform/,208744
284,Fit & Fresh,Retail Company,[customerservice@fitandfresh.com],www.fit-fresh.com,99475045221,https://www.facebook.com/FitFresh/,27452
285,Screaming Owl,Website,,http://screamingowl.com,213387942009437,https://www.facebook.com/screamingowl/,2793856
286,SoaR Gaming,Brand,[contact@soar.gg],http://soar.gg,342750299143164,https://www.facebook.com/SoaR/,20264
287,Lofty,Website,[contact@lofty.com],http://www.lofty.com,467004350044455,https://www.facebook.com/lofty/,16679
288,Rustic Sinks,Retail Company,[denise@rusticsinks.com],http://www.rusticsinks.com,379074958815191,https://www.facebook.com/RusticSinks/,947
289,FUTGenie,Website,,http://www.futgenie.com,1824807637760031,https://www.facebook.com/futgenie/,18904
290,Marley Natural Shop,Retail Company,,http://www.marleynatural.com/,149146645463016,https://www.facebook.com/marleynaturalshop/,2221
291,Her Daily Deal,Clothing (Brand),[support@herdailydeal.com],www.herdailydeal.com/,178617799157008,https://www.facebook.com/herdailydeal/,34196
292,REBEL8,Clothing (Brand),,http://REBEL8.com,12965481326,https://www.facebook.com/rebel8/,305030
293,Studio Neat,Local Business,[hello@studioneat.com],www.studioneat.com,219397004740387,https://www.facebook.com/studioneat/,3163
294,CurriculumLoft,Software,,www.curriculumloft.com,271822562878271,https://www.facebook.com/CurriculumLoft/,88
295,Knucklehead Vapes Ltd,Shopping & Retail,,https://www.knuckleheadvapes.com,1582232525352437,https://www.facebook.com/knuckleheadvapes/,7405
296,Carter Vintage Guitars,Musical Instrument Store,"[christie@cartervintage.com, walter@cartervintage.com]",http://cartervintage.com,128587133985025,https://www.facebook.com/CarterVintage/,15682
297,Bear Butt,Product/Service,[team@bearbuttteam.com],http://www.bearbutt.com,535763399911505,https://www.facebook.com/BearButtTeam/,62801
298,Steven Brown Art,Artist,,http://www.stevenbrownart.co.uk,688008111243981,https://www.facebook.com/StevenBrownArt/,462062
299,District Five Vape Store,E-Cigarette Store,[info@districtf5ve.com],http://www.districtf5ve.com,711623792208647,https://www.facebook.com/districtf5ve/,2087
300,Routine Baseball,Clothing (Brand),[info@routinebaseball.com],www.routinebaseball.com,208426685894692,https://www.facebook.com/routinebaseball/,102658
301,Mimijumi,Baby Goods/Kids Goods,,www.mimijumi.com,201406136325,https://www.facebook.com/mimijumi/,46888
302,Lime Ricki Swimwear,Clothing (Brand),[customerservice@limericki.com],http://limericki.com,133899545342,https://www.facebook.com/limericki/,24988
303,The Camden Watch Company,Shopping & Retail,[info@camdenwatchcompany.com],http://camdenwatchcompany.com/,130210100502917,https://www.facebook.com/camdenwatchcompany/,13279
304,Snowboard Addiction,Education Website,[info@snowboardaddiction.com],www.snowboardaddiction.com,53900772618,https://www.facebook.com/snowboardaddiction/,152896
305,Stay Home Club,Website,[hello@stayhomeclub.com],http://www.stayhomeclub.com,450140951671949,https://www.facebook.com/StayHomeClub/,17411
306,Online Aesthetic,Retail Company,[support@onlineaesthetic.com],https://onlineaesthetic.com/,1726850140889329,https://www.facebook.com/onlineaesthetic/,159
307,PogoPirate,Local Business,,http://www.pogopirate.com,1195060660514914,https://www.facebook.com/PogoPirate/,663
308,I Like Giant Vintage Sunglasses,Company,,www.giantvintage.com http://twitter.com/GiantVintage,143561872339754,https://www.facebook.com/GiantVintage/,25696
309,Pilot Fashion,Clothing (Brand),[info@pilotfashion.com],https://www.PilotFashion.com,66942861912,https://www.facebook.com/pilotfashion/,9425
310,20 Buck Spin,Record Label,,http://www.20buckspin.com http://www.twitter.com/20buckspinlabel,337573144185,https://www.facebook.com/20buckspin/,17095
311,Bravo Concealment Holsters,Retail Company,[orders@bravoconcealment.com],https://www.bravoconcealment.com,124624640953827,https://www.facebook.com/BravoConcealment/,291559
312,Twiddle Cube,Product/Service,[contact@twiddlecube.com],http://TwiddleCube.com,298570497205049,https://www.facebook.com/twiddlecube/,397
313,Child1st Publications LLC,Publisher,[info@child1st.com],http://www.child1st.com,50457148764,https://www.facebook.com/Child1st/,3522
314,Survival Straps,Product/Service,,https://www.survivalstraps.com,65695091790,https://www.facebook.com/survivalstraps/,711123
315,Kerusso,Religious Organization,[social@kerusso.com],www.kerusso.com,63567258645,https://www.facebook.com/kerusso/,22061
316,The Perfect Wine Opener,Wine/Spirits,,,1161550097199762,https://www.facebook.com/The.Perfect.Wine.Opener/,48
317,Leonard & Church,Product/Service,,http://leonardandchurch.com,1457901374439382,https://www.facebook.com/leonardandchurch/,19457
318,Common Culture,Product/Service,,http://www.commonculture.co,1549175298690453,https://www.facebook.com/commonculture/,2298
319,Fragrancebuy - Canada's Online Warehouse Sale,"Beauty, Cosmetic & Personal Care",[sales@fragrancebuy.ca],http://fragrancebuy.ca/,189562791227863,https://www.facebook.com/fragrancebuy/,13224
320,The Purple Mermaid,Jewelry & Watches Store,[luanncap@thepurplemermaid.com],http://www.BeMonogrammed.com,244176753421,https://www.facebook.com/BeMonogrammed/,29882
321,Buti Yoga,Yoga Studio,[clientcare@butiyoga.com],http://www.butiyoga.com,236070006433288,https://www.facebook.com/butiyoga/,65168
322,R13 Denim,Clothing (Brand),,http://www.r13denim.com,166087810197940,https://www.facebook.com/r13denim/,6094
323,500 LEVEL,Clothing (Brand),[staff@500level.com],http://www.500level.com,107161706067728,https://www.facebook.com/500level/,38771
324,PrintKeg.com,Screen Printing & Embroidery,[contact@printkeg.com],http://www.printkeg.com,35635908129,https://www.facebook.com/printkeg/,4695
325,BB Branded Boutique,Footwear Store,[emailus@bbbranded.com],http://www.BBBRANDED.com,26036819170,https://www.facebook.com/bbbranded/,8043
326,ARKK Copenhagen,Clothing (Brand),[support@arkkcopenhagen.com],http://www.arkkcopenhagen.com,1571773996397632,https://www.facebook.com/arkkcopenhagen/,51389
327,Lightning Vapes,Commercial & Industrial,,http://www.lightningvapes.com,383269588476588,https://www.facebook.com/lightningvapes/,18046
328,Discover CBD,Alternative & Holistic Health Service,[info@discovercbd.com],https://DiscoverCBD.com,1449309295381356,https://www.facebook.com/discovercbd/,4574
329,Dash Wallets,Clothing (Brand),[hello@dashwallets.com],www.dashwallets.com,392361700843281,https://www.facebook.com/DashWallets/,3450
330,The Unbranded Brand,Clothing (Brand),,http://www.theunbrandedbrand.com,421324537907430,https://www.facebook.com/TheUnbrandedBrand/,15409
331,Crepslocker,Men's Clothing Store,[hello@crepslocker.com],http://www.crepslocker.com,326680861005006,https://www.facebook.com/crepslocker/,675
332,Outdoors Tactical,Community,,http://outdoorstactical.com,420582314815649,https://www.facebook.com/outdoorstactical/,268143
333,American Nautical Services,Bookstore,[sales@amnautical.com],http://amnautical.com,200956130355,https://www.facebook.com/amnautical/,412
334,Karma Yoga Shop,Health/Beauty,[contact@karma-yoga-shop.com],http://www.karma-yoga-shop.com,312834215722756,https://www.facebook.com/KarmaYogaShop/,133972
335,Neunaber Bügelservice,Clothing Store,[tanjaneunaber@gmail.com],,444120552644697,https://www.facebook.com/neunaber/,16
336,Retro Patents,Shopping & Retail,,http://retropatents.com,698650786977514,https://www.facebook.com/retropatents/,409
337,LIVINGroyal,Clothing (Brand),[info@livingroyal.com],www.LivingRoyal.com,245634568794314,https://www.facebook.com/Livingroyal/,92812
338,Mamas First,Community,,http://mamas1st.com,1635380726772262,https://www.facebook.com/mamasfirst/,4
339,dr. brandt Skincare,Health/Beauty,[customerservice@drbrandtskincare.com],http://www.drbrandtskincare.com,115649937827,https://www.facebook.com/drbrandtskincare/,58275
340,Flynn Skye by Amber Farr,Shopping & Retail,[smile@flynnskye.com],http://www.FlynnSkye.com,390469374358326,https://www.facebook.com/Flynnskyeclothing/,12847
341,PiperCleo,Brand,[info@pipercleo.com],www.pipercleo.com,891567844313639,https://www.facebook.com/pipercleo/,8913
342,RepRap Champion,Information Technology Company,[reprapchampion@gmail.com],http://reprapchampion.com,1546379475676931,https://www.facebook.com/reprapchampion/,630
343,"Surf City Paracord, Inc.",Outdoor & Sporting Goods Company,[info@surfcityparacord.com],http://www.surfcityparacord.com,715956768421600,https://www.facebook.com/SurfCityParacord/,6150
344,NobleSpin,Product/Service,,http://noblespin.com,1490720574275624,https://www.facebook.com/NobleSpin/,16784
345,The Birdhouse Chick,Retail Company,[info@thebirdhousechick.com],https://www.thebirdhousechick.com,96269552397,https://www.facebook.com/thebirdhousechick/,3212
346,Pantry Boy,Food Delivery Service,[order@pantryboy.com],http://www.pantryboy.com,419332514943826,https://www.facebook.com/pantryboy/,12821
347,Royal Tees London,Clothing (Brand),[info@royaltees-london.com],http://www.royalteeslondon.co.uk,224446887968849,https://www.facebook.com/royalteeslondon/,16050
348,Machus,Men's Clothing Store,[info@machusonline.com],http://www.machusonline.com,111751412271175,https://www.facebook.com/machusonline/,6420
349,Fragrant Jewels,Retail Company,,http://bit.ly/2qy9dVR,542238249232039,https://www.facebook.com/fragrantjewels/,1205774
350,Bee Inspired Clothing,Clothing (Brand),[support@beeinspiredclothing.com],http://www.beeinspiredclothing.com,234162033436488,https://www.facebook.com/beeinspiredclothing/,548973
351,Hope's,Women's Clothing Store,[support@shophopes.com],http://www.shophopes.com,126607660721821,https://www.facebook.com/shophopes/,293802
352,The Fowndry,Retail Company,[info@thefowndry.com],www.thefowndry.com,433524396734071,https://www.facebook.com/TheFowndry/,17805
353,Father John Misty,Musician/Band,,http://www.fatherjohnmisty.com,124916000949326,https://www.facebook.com/fatherjohnmisty/,280720
354,Mia Bambina Boutique,Shopping & Retail,[miabambinaboutique@yahoo.ca],www.miabambinaboutique.com,559419744088534,https://www.facebook.com/miabambinaboutique/,56504
355,LampsUSA.com,Home Decor,[sales@lampsusa.com],http://www.lampsusa.com/,198576870202455,https://www.facebook.com/LampsUSA/,5927
356,Hoop Culture,Clothing (Brand),[info@hoopculture.com],www.HoopCulture.com,133740686691123,https://www.facebook.com/hoopculture/,123694
357,Carbon Fiber Gear,Retail Company,[info@carbonfibergear.com],https://carbonfibergear.com,69280119415,https://www.facebook.com/carbonfibergear/,23692
358,Delta Children,Baby Goods/Kids Goods,[customercare-web@deltachildren.com],http://www.DeltaChildren.com,192868723358,https://www.facebook.com/deltachildren/,121578
359,Humble Juice Co.,Website,[info@humblejuiceco.com],http://www.humblejuiceco.com,1652638048336697,https://www.facebook.com/humblejuiceco/,5013
360,Kay Fazio,Public Figure,[kay@fazioscatjewelry.com],http://www.fazioscatjewelry.com/,355414674499383,https://www.facebook.com/AnimalJewelry/,178
361,J skis,Outdoor & Sporting Goods Company,[info@jskis.com],http://jskis.com,226278300869581,https://www.facebook.com/jskis/,47532
362,RnA ReSet,Alternative & Holistic Health Service,[support@rnareset.com],http://www.RnAReSet.com,251995841670969,https://www.facebook.com/RnAReSet/,7257
363,Humbucker Music,Musical Instrument Store,[sales@humbuckermusic.com],http://www.humbuckermusic.com,124640399610,https://www.facebook.com/HumbuckerMusic/,36401
364,Glorious PC Gaming Race,Computers (Brand),,http://www.pcgamingrace.com,255754524602978,https://www.facebook.com/pcgamingrace/,14883
365,Project Repat,Shopping & Retail,[madeinusa@projectrepat.com],www.ProjectRepat.com,151226798258064,https://www.facebook.com/ProjectRepat/,312092
366,Comfortable Club,Clothing (Brand),,comfortableclub.com,264462430741610,https://www.facebook.com/comfortableclub/,11
367,Cartezy,Clothing (Brand),[mailcartezy@gmail.com],,625964100900665,https://www.facebook.com/cartezy/,79
368,Anime Limited,Movie/Television Studio,,www.alltheanime.com,139242809520911,https://www.facebook.com/alltheanime/,19030
369,Pin Block,Community,,,281513785238687,https://www.facebook.com/PinBlock/,13
370,Carraig Donn,Retail Company,[customerservice@carraigdonn.com],www.carraigdonn.com,365221803120,https://www.facebook.com/CarraigDonn/,92900
371,KREWE,Accessories,[krewe@krewe.com],http://www.KREWE.com,228756107262307,https://www.facebook.com/KREWE/,27256
372,EZScreenPrint,Screen Printing & Embroidery,[contactus@ezscreenprint.com],http://www.ezscreenprint.com,188961577753,https://www.facebook.com/EZScreenPrint/,1495
373,Det Norske Samlaget,Publisher,,"http://butikk.samlaget.no, www.samlaget.no, instagram.com/detnorskesamlaget, http://www.youtube.com/user/DetNorskeSamlaget, www.twitter.com/samlaget",155930750799,https://www.facebook.com/samlaget/,11230
374,Crailstore,Clothing Store,,http://crailstore.com,1391034537834497,https://www.facebook.com/crailstore/,8
375,Local Eclectic Nova Scotia,Art,,,147532242553965,https://www.facebook.com/localeclectic/,70
376,Dog Love,Sports Club,[support@pawprime.com],https://www.pawprime.com/,204078076621226,https://www.facebook.com/pawprime/,123008
377,Retro Active Smoke Shop,Tobacco Store,[contact@retroactivesmokeshop.com],http://www.retroactivesmokeshop.com,231784766945883,https://www.facebook.com/retroactivesmokeshop/,1447
378,FitVine Wine,Wine/Spirits,,http://www.fitvinewine.com,1543887369163377,https://www.facebook.com/FitVineWine/,118662
379,blik surface graphics,Home Decor,,http://www.whatisblik.com,14224494051,https://www.facebook.com/whatisblik/,45234
380,PureTrak,Product/Service,[sales@puretrak.com],http://www.PureTrak.com,202305725892,https://www.facebook.com/puretrak/,3754
381,GeniusPipe,Community,,http://www.geniuspipe.com,1423402377925831,https://www.facebook.com/geniuspipe/,41676
382,Micro Phone Lens,Company,,http://www.microphonelens.com,112151752311299,https://www.facebook.com/MicroPhoneLens/,2655
383,Yemoos Catering and Floral Deco,Event Planner,,,487316214990261,https://www.facebook.com/yemoos/,85
384,Geek Chic,Furniture,[sales@geekchichq.com],www.geekchichq.com,81609475134,https://www.facebook.com/GeekChicHQ/,17732
385,Filastruder,Tools/Equipment,[support@filastruder.com],http://www.filastruder.com http://www.soliforum.com/forum/18/filastruder/ https://twitter.com/Filastruder http://www.kickstarter.com/projects/833191773/filastruder-a-robust-inexpensive-filament-extruder,455260457855279,https://www.facebook.com/Filastruder/,1038
386,Damascus,Fashion Designer,[nate@damascusapparel.com],http://www.damascusapparel.com,93566236255,https://www.facebook.com/damascusapparel/,138945
387,CLAE,Clothing (Brand),,www.clae.com,216550520609,https://www.facebook.com/clae/,31176
388,LogoDive,Product/Service,[sales@pixellogo.com],https://pixellogo.com,298039369590,https://www.facebook.com/pixellogo/,2233
389,Sapira by Leesa,Furniture,,https://www.leesa.com/products/sapira-mattress,683531248452551,https://www.facebook.com/sapirasleep/,5023
390,Alpha Clothing,Clothing Store,[contato@usealpha.com.br],,604544919581146,https://www.facebook.com/alphaclothing/,2706
391,Satya Jewelry,Jewelry/Watches,,www.satyajewelry.com,28825364659,https://www.facebook.com/satyajewelry/,42096
392,Quinn Shop,Women's Clothing Store,,,760488533969216,https://www.facebook.com/QuinnShop/,816
393,PRx Performance,Sporting Goods Store,[support@prxperformance.com],http://www.prxperformance.com,155434617989969,https://www.facebook.com/PRxPerformance/,84351
394,EDO Collections,Jewelry/Watches,,http://edocollections.com,1.72111E+15,https://www.facebook.com/EDOCollections/,9825
395,LifeBoost Coffee,Health/Beauty,[support@lifeboostcoffee.com],http://www.lifeboostcoffee.com,899370276752607,https://www.facebook.com/lifeboostcoffee/,46609
396,Tepui Tents,Outdoor Equipment Store,[beth@tepuitents.com],http://www.tepuitents.com,160212134042956,https://www.facebook.com/tepuitents/,40588
397,Hyperbiotics,Health/Beauty,[contact@hyperbiotics.com],http://www.hyperbiotics.com,260623024109229,https://www.facebook.com/hyperbiotics/,59166
398,Victory Vape,Shopping & Retail,[info@victoryvape.com.au],http://www.victoryvape.com.au,1566545360237968,https://www.facebook.com/victoryvape/,4146
399,Luxury Garage Sale,Retail Company,[info@luxurygaragesale.com],http://www.luxurygaragesale.com,106226559449253,https://www.facebook.com/LuxuryGarageSale/,12116
400,Mini Materials,Retail Company,[info@minimaterials.com],http://www.minimaterials.com,828090293877878,https://www.facebook.com/minimaterials/,2981
401,Gentry,Footwear Store,[info@gentrynyc.com],http://www.gentrynyc.com/,121162684714038,https://www.facebook.com/Gentrynyc/,52757
402,Mini Shop,Accessories,[mini04shop@yahoo.com],http://www.minishopmadrid.com/,138675569593380,https://www.facebook.com/minishopmadrid/,2415
403,Knitting-Warehouse,Retail Company,[customerservice@knitting-warehouse.com],https://www.knitting-warehouse.com,415519261982138,https://www.facebook.com/knittingwarehouse/,861
404,jamstik,Electronics,,http://www.jamstik.com/,151368411680188,https://www.facebook.com/JamStik/,61443
405,MMAWarehouse.com,Retail Company,,http://www.mmawarehouse.com,7064870953,https://www.facebook.com/mmawarehouse/,99510
406,BedJet,Appliances,[info@bedjet.com],http://www.bedjet.com,1442137196007552,https://www.facebook.com/bedjet/,7652
407,Bing Bang NYC,Jewelry Wholesaler,[customerservice@bingbangnyc.com],http://www.bingbangnyc.com,473092895696,https://www.facebook.com/bingbangnyc/,19456
408,Superninjabargains,Website,,,1097787283668532,https://www.facebook.com/superninjabargains/,6
409,Rudy's,Product/Service,[info@rudysbarbershop.com],www.rudysbarbershop.com,105121566210162,https://www.facebook.com/rudysbarbershop/,23031
410,"Lehigh Defense, LLC",Metal Fabricator,[sales@lehighdefense.com],http://www.lehighdefense.com,279722885398727,https://www.facebook.com/LehighDefense/,13222
411,Transitions Salon,Hair Salon,,,1381617962166789,https://www.facebook.com/takedownshop/,1
412,Lounge Underwear,Clothing (Brand),[info@loungeunderwear.com],http://www.loungeunderwear.com,482513161932988,https://www.facebook.com/loungeunderwear/,124869
413,URBANCREWS,Clothing (Brand),,http://urbancrews.com/,607858282690197,https://www.facebook.com/urbancrews/,42479
414,Patron of the New,Clothing Store,,http://patronofthenew.us,187660357960111,https://www.facebook.com/patronofthenew/,7968
415,FydgetSpinner,Office Supplies,[info@fydgetspinner.com],http://fydgetspinner.com,1819469354982108,https://www.facebook.com/fydgetspinner/,3046
416,Barefoot Provisions,Health Food Store,[hello@barefootprovisions.com],http://barefootprovisions.com,153107684865038,https://www.facebook.com/BarefootProvisions/,25400
417,CBC Industries,Retail Company,[sales@cbcindustries.com],www.cbcindustries.com,811600472186310,https://www.facebook.com/cbcindustries/,9247
418,Shop Puppy Love,Company,,http://www.MyShopPuppyLove.com,1882085322070424,https://www.facebook.com/shoppuppylove/,311
419,FlashSteals.com,Website,,http://www.flashsteals.com,706482289464384,https://www.facebook.com/FlashSteals/,43015
420,Dabado,Product/Service,,http://Dabadovaporizers.com,370335543138532,https://www.facebook.com/dabadovaporizers/,52436
421,CanYouHandlebar,Retail Company,[question@canyouhandlebar.com],http://www.canyouhandlebar.com http://www.pinterest.com/canyouhandlebar/ http://twitter.com/canyouhandlebar/,389792031089835,https://www.facebook.com/CanYouHandlebar/,10576
422,M.Tarraq Artworks,Artist,[heroartz@hotmail.fr],,137721016272298,https://www.facebook.com/Hero.Arts/,2360
423,Clockura,Website,,http://www.clockura.com,163997840686057,https://www.facebook.com/clockura/,7238
424,Punk Case,Private Members Club,[justask@punkcase.com],http://punkcase.com/,852504794830303,https://www.facebook.com/punkcase/,243730
425,GatoMALL,Shopping & Retail,[enquiry@gatomall.com],http://www.gatomall.com,137944859579615,https://www.facebook.com/gatomall/,1106
426,Alegria Shoes,Product/Service,,http://www.alegriashoes.com,438210300385,https://www.facebook.com/alegriashoes/,198930
427,Boredparacord.com,Outdoor & Sporting Goods Company,[boredparacord@gmail.com],http://www.BoredParacord.com,694645247232170,https://www.facebook.com/BoredParacord/,20689
428,Furls Crochet,Product/Service,[info@furlscrochet.com],http://www.furlscrochet.com,504329782916057,https://www.facebook.com/furlscrochet/,67038
429,Matador,Shopping & Retail,[customerservice@matadorup.com],http://matadorup.com/,1426371420957494,https://www.facebook.com/MatadorUp/,9635
430,MayoreoTotal.com,Retail Company,[informes@mayoreototal.com],http://www.mayoreototal.mx,583544781760703,https://www.facebook.com/mayoreototal/,6949
431,Textual Tees,Clothing (Brand),,https://www.TextualTees.com,260103530775764,https://www.facebook.com/TextualTees/,69465
432,Inkwell Press,Retail Company,[hello@inkwellpress.com],http://www.inkwellpress.com,703038466413290,https://www.facebook.com/inkwellpress/,35681
433,Monkey Fabrik,Website,[info@monkeyfabrik.com],www.monkeyfabrik.com,1625096251119067,https://www.facebook.com/monkeyfabrik/,18505
434,Viking Merch,Company,[info@vikingmerch.com],http://www.VikingMerch.com,888803907844502,https://www.facebook.com/VikingMerch/,187920
435,Headbang 'n Buttonmash,Website,[tips@hbnbm.com],http://hbnbm.com,199159156925680,https://www.facebook.com/HBnBM/,12530
436,Mentor Box,Education,,http://www.mentorbox.in,804507682978177,https://www.facebook.com/mentorbox/,1326
437,Alala,Clothing (Brand),[service@alalastyle.com],http://www.alalastyle.com,697509546931199,https://www.facebook.com/alalastyle/,7027
438,Cimetrics,Energy Company,[info@cimetrics.com],http://www.cimetrics.com,184996458193105,https://www.facebook.com/cimetrics/,92
439,Blue in Green Soho NYC,Men's Clothing Store,[site@blueingreensoho.com],http://blueingreensoho.com/,178926068797535,https://www.facebook.com/blueingreensoho/,1832
440,Baby Brezza,Baby Goods/Kids Goods,[customerservice@babybrezza.com],http://www.babybrezza.com/,116378861726175,https://www.facebook.com/babybrezza/,58517
441,Myuwell,Electronics,,http://www.myuwell.com/,1462914067345815,https://www.facebook.com/myuwell/,9503
442,Distribuidor Loly In The Sky Torreon,Clothing (Brand),,,1599562810356343,https://www.facebook.com/lolyinthesky/,8351
443,Lunatica,Producer,[laura.lunaza@gmail.com],,1.80168E+15,https://www.facebook.com/LunatiK/,153
444,Unique Tee Shop,Website,[support@uniquetees.zendesk.com],http://www.uniqueteeshop.com,231152383738301,https://www.facebook.com/uniqueteeshop/,3896
445,Daniel Patrick Simmons,Graphic Designer,[danielpatricksimmons@gmail.com],http://www.danielpatricksimmons.com,566348283451897,https://www.facebook.com/danielpatrick/,830
446,Leica Store Miami,Camera Store,[info@leicastoremiami.com],http://www.leicastoremiami.com,289275971190139,https://www.facebook.com/LeicaStoreMiami/,19126
447,Hidrate Spark,Outdoor & Sporting Goods Company,,http://www.hidratespark.com,715983798482842,https://www.facebook.com/hidratespark/,58945
448,CampusProtein.com,Health & Wellness Website,[info@campusprotein.com],www.campusprotein.com,113413905343157,https://www.facebook.com/CampusProtein/,43013
449,Big Baller Brand,Product/Service,[bigballerbrand@gmail.com],http://apple.co/2ggH5PV,183345085426828,https://www.facebook.com/Bigballerbrand/,107350
450,Krystal's Avon page,Community,,http://www.youravon.com/kbrobst,1635845563357493,https://www.facebook.com/lovethisstuff/,18
451,The Craft Shack,Home Decor,,,1570055876631964,https://www.facebook.com/CraftShack/,90
452,OnlyGrowth,Consulting Agency,[support@onlygrowth.com],https://onlygrowth.com,754117221317653,https://www.facebook.com/onlygrowth/,634
453,The Smartest House,Retail Company,[info@thesmartesthouse.com],http://www.thesmartesthouse.com/,811390152251754,https://www.facebook.com/thesmartesthouse/,260
454,Shocking Presents,Product/Service,,https://shockingpresents.com/,1212817915472436,https://www.facebook.com/shockingpresents/,1539
455,Fisher Wallace Laboratories,Product/Service,,http://www.fisherwallace.com/,205608002087,https://www.facebook.com/fisherwallace/,31710
456,NERD Skincare,Beauty Store,,http://www.nerdskincare.com,1496806033894507,https://www.facebook.com/nerdskincare/,82610
457,SafeandVaultStore.com,Website,[info@safeandvaultstore.com],www.SafeandVaultStore.com,83552719739,https://www.facebook.com/safeandvaultstore/,6637
458,Palette & Parlor,Furniture Store,[studio@paletteandparlor.com],https://www.paletteandparlor.com/,255406131313250,https://www.facebook.com/paletteandparlor/,1162
459,Firefighter Turnout Bags,Bags/Luggage,,http://www.FFTOB.com/,149113271848604,https://www.facebook.com/firefighterturnoutbag/,200082
460,Piper,Computer Company,[hi@buildpiper.com],http://buildpiper.com,516216868524991,https://www.facebook.com/buildpiper/,18127
461,Meta Threads,Clothing (Brand),[contact@metathreads.com],http://www.metathreads.gg,602160426598849,https://www.facebook.com/metathreads/,2996
462,iShop,Shopping & Retail,,,485715914815096,https://www.facebook.com/ishop/,499
463,Ootdfash,Clothing (Brand),[ootdfash@yahoo.com],http://www.ootdfash.com/,484153738331099,https://www.facebook.com/ootdfash/,2768
464,Pro Street Online,Automotive Parts Store,[sales@prostreetonline.com],www.prostreetonline.com,123248501103089,https://www.facebook.com/ProStreetOnline/,1100
465,Art of Play,Video Game,[info@artofplaygames.com],http://www.artofplaygames.com,283139411743507,https://www.facebook.com/artofplay/,327
466,Wick and Wire Co.,Electronics Store,[info@wickandwireco.com.au],http://www.wickandwireco.com.au,684318498292062,https://www.facebook.com/wickandwireco/,3306
467,Firgelli Group,Engineering Service,[sales@firgelliauto.com],http://www.FirgelliAuto.com,1438196253059747,https://www.facebook.com/FirgelliAuto/,133831
468,Hextie,Clothing (Brand),,http://www.hextie.com,691958150861746,https://www.facebook.com/hextie/,115263
469,EXOOTER USA,Sports & Recreation,[info@exooter.com],http://www.exooter.com,612243485528403,https://www.facebook.com/exooter/,2307
470,KNYEW,Clothing Store,[orders@knyew.com],www.knyew.com,447086815364955,https://www.facebook.com/knyew/,14423
471,Skoaktiebolaget,Footwear Store,[sales@skoaktiebolaget.com],http://www.skoaktiebolaget.com,335346923211406,https://www.facebook.com/skoaktiebolaget/,7648
472,Lumos Helmet,Product/Service,[support@lumoshelmet.co],http://www.lumoshelmet.co,421472081362426,https://www.facebook.com/lumoshelmet/,30533
473,Kulani Kinis,Clothing (Brand),[info@kulanikinis.com],http://www.kulanikinis.com,1539597099640137,https://www.facebook.com/kulanikinis/,50759
474,Oliver Clod,Accessories,,http://oliverclod.com/,152361985188840,https://www.facebook.com/oliverclod/,133362
475,Chef's Armoury - Japanese Knives,Kitchen/Cooking,,www.chefsarmoury.com,56219319362,https://www.facebook.com/ChefsArmoury/,25024
476,Tread Labs,Professional Service,[hello@treadlabs.com],http://www.treadlabs.com/,1569335263314832,https://www.facebook.com/treadlabs/,1064
477,Booth79,Photographer,[booth79columbus@gmail.com],http://www.Booth79.com,1661699334075734,https://www.facebook.com/Booth79/,85
478,Natureloc,Food & Beverage Company,,http://www.NatureLoC.com,103700879971888,https://www.facebook.com/natureloc/,722
479,Collage Video,Shopping & Retail,[collage@collagevideo.com],www.collagevideo.com,91286335936,https://www.facebook.com/CollageVideo/,11348
480,Dick's Edinburgh,Clothing Store,[info@dicks-edinburgh.co.uk],www.dicks-edinburgh.co.uk,536529659707042,https://www.facebook.com/DicksEdinburgh/,1120
481,Jenni Kayne,Retail Company,,www.jennikayne.com,174223745984801,https://www.facebook.com/jennikayne/,13686
482,Hot models,Community,,,456652721041575,https://www.facebook.com/LotsOfModels/,30
483,Perilsole,Sunglasses & Eyewear Store,[social@perilsole.com],http://www.perilsole.com,1724072877808132,https://www.facebook.com/perilsole/,409
484,Merci Handy,Health/Beauty,[hello@mercihandy.fr],http://www.mercihandy.fr,173788249459019,https://www.facebook.com/MerciHandy/,66833
485,distortedpeople.com,Men's Clothing Store,[cs@distortedpeople.com],www.distortedpeople.com,58553272792,https://www.facebook.com/distorted.people/,124205
486,Chairs4Gaming,Retail Company,[support@chairs4gaming.com],http://chairs4gaming.com,1448418852047623,https://www.facebook.com/chairs4gaming/,1197
487,The Bonniemob,Baby Goods/Kids Goods,,http://www.thebonniemob.com,107518432320,https://www.facebook.com/TheBonniemob/,8992
488,Pistol Lake,Clothing (Brand),[team@pistollake.com],www.pistollake.com,225559574228693,https://www.facebook.com/PistolLake/,4627
489,By Hand London,Clothing (Brand),,http://byhandlondon.com/,312838102128223,https://www.facebook.com/ByHandLondon/,10905
490,Exhilaration Fitness LLC Official ZUMBA Wear Distributor (Middle East),Sportswear Store,[info@zumbawear-me.com],www.zumbawear-me.com,192990284097608,https://www.facebook.com/zumbawearme/,6807
491,CabinZero,Bags/Luggage,[marketing@cabinzero.com],http://www.cabinzero.com/,272125559545312,https://www.facebook.com/CabinZero/,116559
492,Ouai Haircare,Health/Beauty,[ouai@theouai.com],https://www.theouai.com,186213988390806,https://www.facebook.com/TheOuai/,80701
493,Thirtyone Boutique,Women's Clothing Store,,http://thirtyoneboutique.com,951155831649049,https://www.facebook.com/thirtyoneboutique/,3164
494,Bows and Arrows,Footwear Store,,http://www.bowsandarrowsberkeley.com/,332903048035,https://www.facebook.com/bowsandarrowsberkeley/,2419
495,Speed Global Services Pune,Event Planner,,http://www.benchmarkmarcom.events,198425063511454,https://www.facebook.com/Benchmarkmedia/,427
496,Haute Hijab,Clothing (Brand),[hello@hautehijab.com],https://www.hautehijab.com,120165678003197,https://www.facebook.com/hautehijab/,239148
497,PrettyLitter,Pet Supplies,[meow@prettylitter.co],http://www.prettylittercats.com,1071413789539538,https://www.facebook.com/prettylittercats/,44971
498,The Online Gamer King,Games/Toys,,www.theonlinegamerking.com,648261441907982,https://www.facebook.com/theonlinegamerking/,873
499,Lekker Home,Furniture Store,[support@lekkerhome.com],http://www.lekkerhome.com,19637602278,https://www.facebook.com/lekkerhome/,3359
500,BootayBag,Clothing (Brand),[hello@bootaybag.com],http://bootaybag.com,760670723986727,https://www.facebook.com/bootaybag/,16552
501,NatureWise,Vitamin Supplement Shop,[support@naturewise.com],NatureWise.com,485525984874284,https://www.facebook.com/NatureWise/,4728
502,Bottleneck Gallery,Art Gallery,[admin@bottleneckgallery.com],Bottleneckgallery.com,367174600020687,https://www.facebook.com/BottleneckGallery/,31289
503,Nekter Juice Bar,Health Food Restaurant,[info@nekterjuicebar.com],http://www.nekterjuicebar.com,156919564323053,https://www.facebook.com/nekterjuicebar/,41318
504,TheMillionRoses,Florist,[themillionrosesbudapest@gmail.com],http://www.themillionroses.hu,1623137954584621,https://www.facebook.com/TheMillionRoses/,422698
505,Smart Balance Wheel Polska,Appliances,,,775209099266687,https://www.facebook.com/smartbalancewheel/,1335
506,BIOSSANCE,Health/Beauty,,http://www.biossance.com/,722778557818201,https://www.facebook.com/biossance/,39842
507,Feed.,Food & Beverage,[hello@feedsmartfood.com],http://www.feedsmartfood.com,1046497125424725,https://www.facebook.com/feedsmartfood/,85346
508,Simeon Panda,Athlete,[enquiries@simeonpanda.com],http://simeonpanda.com,398949680167718,https://www.facebook.com/simeonpanda/,5557353
509,Billig-Fitness.dk,Sporting Goods Store,[info@billig-fitness.dk],http://www.billig-fitness.dk,324319924268521,https://www.facebook.com/Billigfitness/,55401
510,Human Unlimited,Clothing Store,[humans@humanunlimited.com],http://www.humanunlimited.com,248395145343792,https://www.facebook.com/humanunlimited/,508906
511,Accell,Electronics,,http://www.accellcables.com,449785165111528,https://www.facebook.com/AccellCables/,39622
512,Love Street Apparel,Clothing (Brand),,http://shoplovestreet.com,225001424562118,https://www.facebook.com/shoplovestreet/,354
513,Mika Yoga Wear,Clothing (Brand),[support@mikayogawear.com],www.mikayogawear.com,143887978967903,https://www.facebook.com/mikayogawear/,255473
514,Bear Mattress,Furniture,,https://www.bearmattress.com,1475888082691195,https://www.facebook.com/bearmattress/,11478
515,Asia-eshop,Product/Service,,http://www.asia-eshop.com,549338228420983,https://www.facebook.com/asiaeshop/,148
516,Mannequin Madness,Retail Company,[judi@mannequinmadness.com],www.MannequinMadness.com,177449619003,https://www.facebook.com/MannequinMadness/,5630
517,Five and Diamond Design,Local Business,[fiveanddiamonddesign@gmail.com],,181124491924612,https://www.facebook.com/FiveandDiamond/,316
518,Fashion Equation,Women's Clothing Store,[support@fashionequation.com],www.fashionequation.com,240917645955015,https://www.facebook.com/fashionequation/,282076
519,Maggie's Crochet,Arts & Crafts Store,[customerservice@maggiescrochet.com],www.maggiescrochet.com,118562708210290,https://www.facebook.com/MaggiesCrochet/,119273
520,BackJoy,Office Supplies,,www.backjoy.com,132514896772959,https://www.facebook.com/BackJoy/,48844
521,Juice From the RAW,Smoothie & Juice Bar,[sales@juicefromtheraw.com],https://www.juicefromtheraw.com,829904510384147,https://www.facebook.com/juicefromtheRAW/,7894
522,Senita Athletics,Clothing (Brand),,http://www.senitaathletics.com,114961112198982,https://www.facebook.com/SenitaAthletics/,33354
523,Bare Performance Nutrition,Vitamins/Supplements,,http://www.bpnsupps.com,475666325778118,https://www.facebook.com/BarePerformanceNutrition/,7492
524,Paw Tracker,Pet Store,[support@thepawtracker.com],https://www.thepawtracker.com/,668119829997474,https://www.facebook.com/ThePawTracker/,1829
525,Madison + Mallory,Clothing (Brand),,http://www.madisonandmallory.com,269346466777215,https://www.facebook.com/MadisonandMallory/,5894
526,Fleshlight,Shopping & Retail,[customerservice@fleshlight.com],http://www.fleshlight.com/,219880908107479,https://www.facebook.com/Fleshlight/,6272
527,Floatie Kings,Games/Toys,,http://floatiekings.com,724217944351633,https://www.facebook.com/floatiekings/,97628
528,H2O Ninja Mask,Ocean,[info@h2oninjamask.com],http://www.h2oninjamask.com,872643436139574,https://www.facebook.com/h2oninjamask/,74399
529,LifeFlix,Internet Company,[help@lifeflix.com],http://www.lifeflix.com,400571353351946,https://www.facebook.com/lifeflix/,1594
530,North Star Games,Games/Toys,,http://www.northstargames.com,265338017056,https://www.facebook.com/northstargames/,5934
531,Poundit,Website,[hello@poundit.com],https://www.poundit.com,1433320536913027,https://www.facebook.com/youpoundit/,199486
532,GoSun,Kitchen/Cooking,,http://www.gosunstove.com,157935394391681,https://www.facebook.com/gosunstove/,92006
533,West Pack Lifestyle,Wholesale & Supply Store,[online@westpacklifestyle.co.za],http://www.westpacklifestyle.co.za,860698343948999,https://www.facebook.com/westpacklifestyle/,107881
534,Smallwoods,Home Decor,[support@smallwoodhome.com],http://www.smallwoodhome.com,504515512931245,https://www.facebook.com/smallwoodhome/,1084302
535,Sales 24 seven,Website,[salesseven24@gmail.com],http://www.sales24seven.com/,756525017761858,https://www.facebook.com/sales24seven/,380445
536,AirBlade UAV,Retail Company,[support@airbladeuav.com],http://airbladeuav.com,1473643972955791,https://www.facebook.com/airbladeuav/,1723
537,Boys+Arrows Swimwear,Fashion,[info@boysandarrows.com],www.boysandarrows.com,115977801811594,https://www.facebook.com/boysandarrows/,15874
538,Primitive Star Quilt Shop,Home & Garden Website,[jacki@primitivestarquiltshop.com],"http://www.primitivestarquiltshop.com, www.primitivestarquiltshop.com/blogs/quilt-shop-gathering-place, https://www.pinterest.com/psquiltshop/",168919153122395,https://www.facebook.com/primitivestarquiltshop/,3282
539,Melie Bianco,Website,[info@meliebianco.com],http://www.meliebianco.com,169193872826,https://www.facebook.com/meliebianco/,9208
540,DharmaShop.com,Retail Company,[info@dharmashop.com],www.DharmaShop.com,126278571808,https://www.facebook.com/Dharmashop/,258788
541,Carrislabelle,Clothing (Brand),,http://www.carrislabelle.com,1390713004512411,https://www.facebook.com/Carrislabelle/,28175
542,Slimming Body Vest,Company,[info@slimmingbodyvest.com],https://slimmingbodyvest.com/,741702779266421,https://www.facebook.com/slimmingbodyvest/,20280
543,DIY Recording Equipment,Retail Company,[peterson@diyrecordingequipment.com],http://www.diyrecordingequipment.com,143953152331846,https://www.facebook.com/diyrecordingequipment/,14648
544,JACHS NY,Clothing (Brand),,www.JACHSNY.com,370511246353218,https://www.facebook.com/JACHSNY/,38494
545,Pimp Chimp Apparel,Clothing (Brand),,https://monkeyworldwide.com,1777381035817845,https://www.facebook.com/pimpchimpapparel/,781
546,The Sauce LA,Product/Service,,http://www.TheSauceLA.com,574058012714659,https://www.facebook.com/ThesauceLA/,7875
547,Mr Ecig,Retail Company,,http://mr-ecig.co.uk/,1506421989607928,https://www.facebook.com/MrEcig/,96
548,Jamieson Vitamins,Health/Beauty,,http://www.jamiesonvitamins.com,161718053840770,https://www.facebook.com/jamiesonvitamins/,80152
549,Pearl Paradise,Jewelry/Watches,[support@pearlparadise.com],www.pearlparadise.com,320057252005,https://www.facebook.com/pearlparadise/,124273
550,totallee,Product/Service,[hello@totalleecase.com],http://www.totalleecase.com,1409835439301289,https://www.facebook.com/totalleecase/,6661
551,Troop Themes,Internet Company,[contact@troopthemes.com],http://troopthemes.com,134099333342414,https://www.facebook.com/troopthemes/,245
552,"The Guerrilla Group, Inc.",Business Consultant,[orvelray@guerrillagroup.com],www.GuerrillaGroup.com,114328171913412,https://www.facebook.com/GuerrillaGroup/,259
553,dollarhighclub.com,Product/Service,,http://dollarhighclub.com,818212338290843,https://www.facebook.com/dollarhighclub/,374
554,Will Leather Goods,Retail Company,[social@willleathergoods.com],http://www.willleathergoods.com,301422900058,https://www.facebook.com/willleathergoods/,29041
555,Fransboonestore,Clothing Store,[service@fransboonestore.com],www.fransboonestore.com,237873632917307,https://www.facebook.com/fransboonestore/,2127
556,7pipe,Product/Service,,http://www.7pipe.com,261896267629,https://www.facebook.com/7pipe/,29311
557,Fresh Elites - FreshElites.com,Clothing (Brand),,http://www.freshelites.com,195361820652445,https://www.facebook.com/freshelites/,1096
558,HoldFast Gear,Camera/Photo,,http://holdfastgear.com/,140588242703966,https://www.facebook.com/holdfastgear/,89923
559,Eyes On Walls,Company,,www.EyesOnWalls.com www.Twitter.com/EyesOnWalls EyesOnWalls.Tumblr.com,138872876137319,https://www.facebook.com/EyesOnWalls/,72316
560,Atolyestone,Jewelry/Watches,[support@atolyestone.com],https://atolyestone.com,1511369712444719,https://www.facebook.com/atolyestone/,37244
561,HairMax,Beauty Salon,[gm@hairmax.com],http://www.hairmax.com,153180391226,https://www.facebook.com/hairmax/,20859
562,Boco,Product/Service,,http://www.bocoliving.com,267295453371091,https://www.facebook.com/Bocoliving/,4113
563,digieffects,Product/Service,[info@digieffects.com],http://www.digieffects.com,46769536908,https://www.facebook.com/digieffects/,5889
564,Rope Lace Supply,Website,,http://www.ropelacesupply.com,163131953896306,https://www.facebook.com/ropelacesupply/,27199
565,Short Par 4,App Page,[info@shortpar4.com],http://www.shortpar4.com,1443212639243379,https://www.facebook.com/shortpar4/,71811
566,Canopy Growth Corporation,Biotechnology Company,[invest@canopygrowth.com],http://canopygrowth.com/,1797481983852094,https://www.facebook.com/canopygrowth/,6779
567,Yester Home,Home & Garden Store,[info@yesterhome.co.uk],www.yesterhome.com,136909759757857,https://www.facebook.com/yesterhome/,2449
568,MNZ STORE,Cosmetics Store,,,133154526872328,https://www.facebook.com/MnzStore/,18
569,I Love Apparel,Clothing (Brand),[support@iloveapparel.com],http://iloveapparel.com,655695524483654,https://www.facebook.com/iloveapparel/,10383
570,Moana Bikini,Clothing (Brand),[info@moanabikini.com],www.moanabikini.com,144428288991551,https://www.facebook.com/MOANABIKINI/,82666
571,Courtside Sneakers,Footwear Store,[contact@courtsidesneakers.com],http://www.courtsidesneakers.com,139079456124700,https://www.facebook.com/courtsidesneakers/,6248
572,Loft Resumes,Company,[info@loftresumes.com],http://loftresumes.com,308542269193194,https://www.facebook.com/LoftResumes/,1643
573,Paisley Park,Museum,[info@officialpaisleypark.com],https://www.officialpaisleypark.com/,1043906012390481,https://www.facebook.com/officialpaisleypark/,79601
574,Rebdolls,Women's Clothing Store,[customerservice@rebdolls.com],http://rebdolls.com,112218862242205,https://www.facebook.com/rebdolls/,61299
575,Drift Innovation,Camera/Photo,[marketing@driftinnovation.com],http://driftinnovation.com,133636986652154,https://www.facebook.com/driftinnovation/,675456
576,Oru Kayak,Company,[info@orukayak.com],www.orukayak.com,426040010758938,https://www.facebook.com/OruKayak/,58324
577,Jones Soda,Food & Beverage Company,[info@jonessoda.com],http://www.jonessoda.com,19018463345,https://www.facebook.com/jonessoda/,904492
578,Noble Outfitters,Clothing (Brand),[social@nobleoutfitters.com],http://www.nobleoutfitters.com,101747483305068,https://www.facebook.com/NobleOutfitters/,40763
579,Modular Closets,Shopping & Retail,[info@modularclosets.com],http://modularclosets.com,1.63005E+15,https://www.facebook.com/modularclosets/,943
580,Style Mafia,Clothing (Brand),,www.stylemafia.page.tl/,109280635798160,https://www.facebook.com/StyleMafia/,412
581,Platanomelón,Toy Store,[hola@platanomelon.com],https://www.platanomelon.com,1549963895219937,https://www.facebook.com/Platanomelon/,17075
582,PiperWai Natural Deodorant,Health/Beauty,[info@piperwai.com],http://www.piperwai.com,631661573555870,https://www.facebook.com/piperwai/,39940
583,Nobis,Clothing (Brand),,http://nobis.com,21087361624,https://www.facebook.com/nobis/,21013
584,Green Light Depot,Lighting Store,[support@greenlightdepot.com],http://greenlightdepot.com,1191095374250741,https://www.facebook.com/GreenLightDepot/,4271
585,Emmaline Bags,Retail Company,[janelle@emmalinebags.com],www.emmalinebags.com,218901291511162,https://www.facebook.com/EmmalineBags/,17302
586,Army and Outdoors,Outdoor Equipment Store,[info@armyandoutdoors.co.nz],https://www.armyandoutdoors.co.nz,136219709780307,https://www.facebook.com/armyandoutdoors/,14085
587,Folger Technologies LLC,Computer Company,[orders@folgertech.com],http://folgertech.com,172426156253352,https://www.facebook.com/FolgerTech/,6462
588,Merimobiles,Electronics,[mike.merimobiles@gmail.com],www.merimobiles.com,140674032651571,https://www.facebook.com/Merimobiles/,26400
589,Public School,Nonprofit Organization,[hi@hellopublic.org],publicschoolnyc.org,1855780394683652,https://www.facebook.com/publicschoolnyc/,0
590,Twinkled T,Health/Beauty,[support@twinkledt.com],http://TwinkledT.com,234235516746335,https://www.facebook.com/TwinkledT/,25393
591,Quilts Supply,Website,,https://quiltssupply.com,131612440604565,https://www.facebook.com/QuiltsSupply/,8838
592,Bella Luna Toys,Toy Store,[support@bellalunatoys.com],http://www.bellalunatoys.com,145241852017,https://www.facebook.com/bellalunatoys/,27994
593,Chila Bags,Clothing (Brand),[info@chilabags.com],http://www.chilabags.com,420437268084505,https://www.facebook.com/chilabags/,4680
594,Singularu Jewels,Jewelry/Watches,[hola@singularu.com],https://singularu.com,205081089672838,https://www.facebook.com/Singularu/,143521
595,Hoagard,Home Decor,[info@hoagard.co],https://www.hoagard.com,331529506998997,https://www.facebook.com/hoagard/,99346
596,Yourfishstore.com,Pet Service,[support@yourfishstore.com],http://www.YourFishStore.com/,1379764432292933,https://www.facebook.com/YourFishStore/,3650
597,Sauvage Urban Wear,Clothing (Brand),,http://www.instagram.com/sauvagewear/,488258621342296,https://www.facebook.com/sauvagewear/,1354
598,Shop Sweet Lulu,Party Supply & Rental Shop,[hello@shopsweetlulu.com],http://www.shopsweetlulu.com,121826017880982,https://www.facebook.com/ShopSweetLulu/,43969
599,Moto Loot,Local Business,,http://motoloot.com,1460559014251152,https://www.facebook.com/motoloot/,59367
600,Bold And Social,Website,,http://boldandsocial.com,1785327078373423,https://www.facebook.com/boldandsocial/,133
601,Ettika,Jewelry & Watches Store,[info@ettika.com],www.ettika.com,93700901582,https://www.facebook.com/ettika/,41540
602,The Vector Lab,Product/Service,,http://thevectorlab.com,125160014168878,https://www.facebook.com/TheVectorLab/,8049
603,Exo,Food & Beverage Company,[info@exo.co],http://www.exoprotein.com,267760800032103,https://www.facebook.com/exoprotein/,44080
604,Nine Space,Home Decor,[custserv@shopninespace.com],https://shopninespace.com/,178956605491770,https://www.facebook.com/ShopNineSpace/,18366
605,SWAK Designs,Fashion Designer,[support@swakdesigns.com],http://www.swakdesigns.com/,57836938449,https://www.facebook.com/swakdesigns/,176833
606,Twin Six,Commercial & Industrial,[info@twinsix.com],www.twinsix.com,59851606862,https://www.facebook.com/TwinSix/,16316
607,EVO Gimbals,Camera/Photo,[support@evogimbals.com],http://www.EVOGimbals.com,942927439094116,https://www.facebook.com/evogimbals/,8808
608,The Merch Collective,Community,[customercare@themerchcollectiveinc.freshdesk.com],http://www.themerchcollective.com,1824995064441682,https://www.facebook.com/themerchcollective/,202
609,Lampeez,Home Decor,,https://www.lampeez.com,240558603011504,https://www.facebook.com/lampeez/,67945