Sr No,Store Name,Store Category,Emails,Store Website,Page id,Page link,Subscribers
0,Fashion Nova,Women's Clothing Store,[info@fashionnova.com],http://www.FashionNova.com,148180961913768,https://www.facebook.com/FashionNova/,1392509
1,Kylie Cosmetics,Brand,[customerservice@kyliecosmetics.com],https://www.kyliecosmetics.com/,559929417490965,https://www.facebook.com/kyliecosmetics/,3723342
2,Skinnydip London,Retail Company,,www.SkinnydipLondon.com,172743909405016,https://www.facebook.com/skinnydiplondon/,70531
3,The GLD Shop,Website,[thegldshop@gmail.com],http://thegldshop.com,949058178452529,https://www.facebook.com/thegldshop/,65279
4,Morphe Brushes,Health/Beauty,[info@morphebrushes.com],http://morphebrushes.com,320577181361519,https://www.facebook.com/MorpheBrushesCosmetics/,439459
5,Deal Man,Shopping & Retail,,https://www.shopdealman.com,219191084911788,https://www.facebook.com/shopdealman/,5080057
6,citiesocial,App Page,[service@citiesocial.com],https://citiesocial.com,206280986051177,https://www.facebook.com/citiesocial/,624144
7,Gymshark,Clothing (Brand),,https://www.gymshark.com,129669023798560,https://www.facebook.com/Gymshark/,1367621
8,BAJAAO (www.bajaao.com),Retail Company,[helpdesk@bajaao.com],www.bajaao.com,195546030030,https://www.facebook.com/bajaao/,230102
9,PopSockets,Electronics,,http://popsockets.com/,297561083628867,https://www.facebook.com/PopSockets/,198160
10,Phonebibi,Accessories,[info@phonebibi.com],https://phonebibi.com/,277759005897498,https://www.facebook.com/phonebibi/,155818
11,Magnetphonecable,Website,[magnetphonecable@gmail.com],www.magnetphonecable.net,1311006052330036,https://www.facebook.com/magnetphonecable/,36
12,RadioShack,Product/Service,,http://www.RadioShack.com,101504357409,https://www.facebook.com/RadioShack/,2720069
13,Elemental Knives,Product/Service,,https://www.elementalknives.com,901901499906981,https://www.facebook.com/elementalknives/,22268
14,Antsy Labs,Retail Company,,http://www.antsylabs.com,939703419378026,https://www.facebook.com/antsylabs/,24291
15,Hawkers Co.,Clothing (Brand),,http://www.hawkersco.com,636758826348325,https://www.facebook.com/Hawkersco/,6214711
16,Muse-Themes.com,Website,[contact@musethemes.com],http://www.muse-themes.com,220268241427487,https://www.facebook.com/MuseThemes/,29694
17,Faraday Science Shop,Games/Toys,,http://faradayscienceshop.com,1050224028393006,https://www.facebook.com/faradayscienceshop/,705652
18,Bombshell Sportswear,Clothing (Brand),[customerservice@bombshellsportswear.com],http://www.bombshellsportswear.com,561493610550062,https://www.facebook.com/BombshellSportswear/,146449
19,ThirdLove,Clothing (Brand),[hello@thirdlove.com],https://www.thirdlove.com,121559064656225,https://www.facebook.com/thirdlove/,328162
20,Shop Miss A,Health/Beauty,[cs@shopmissa.com],http://www.ShopMissA.com,513599165364566,https://www.facebook.com/ShopMissA/,116107
21,Kylie shop,Health/Beauty,,,1198113603566753,https://www.facebook.com/kyliejennershop/,62
22,The Pi Hut,Retail Company,[contact@thepihut.com],http://www.thepihut.com,349319278486307,https://www.facebook.com/The.Pi.Hut/,12306
23,Lotus Leggings,Clothing (Brand),,http://lotusleggings.com/,665422903584722,https://www.facebook.com/lotusleggings/,1578340
24,Daily Steals,Retail Company,[support@dailysteals.com],https://dailysteals.com/,44158456172,https://www.facebook.com/dailysteals/,155309
25,Roman Atwood,Artist,[romanatwood@gmail.com],www.youtube.com/RomanAtwood,378504938842385,https://www.facebook.com/RomanAtwood/,1560785
26,Dude Gadgets,Website,,http://dudegadgets.com,1026487637426063,https://www.facebook.com/dudegadgets/,334641
27,ForeverSpin,Games/Toys,,http://www.foreverspin.com,743290759079788,https://www.facebook.com/Foreverspin/,10211
28,Urban Dictionary,Entertainment Website,,http://www.urbandictionary.com,6295613171,https://www.facebook.com/urbandictionary/,4799866
29,Soko Glam,Cosmetics Store,[hello@sokoglam.com],www.sokoglam.com,356397697772593,https://www.facebook.com/SokoGlam/,78934
30,Conservative Outfitters,Clothing (Brand),,http://www.ConservativeOutfitters.com,239170452890244,https://www.facebook.com/ConservativeOutfitters/,17637
31,Focallure Beauty,Health/Beauty,[support@shopfocallure.com],www.shopfocallure.com,1740765616242479,https://www.facebook.com/shopfocallure/,159092
32,mahabis,Website,,https://bit.ly/2qZ7FB0,397476030365796,https://www.facebook.com/mahabis/,594945
33,TeeTurtle,Clothing (Brand),,https://www.teeturtle.com/,306861502698288,https://www.facebook.com/teeturtle/,929841
34,Buykud,Clothing (Brand),[service@buykud.com],https://www.buykud.com,1675901879321805,https://www.facebook.com/buykud/,628237
35,THINX,E-commerce Website,[hello@shethinx.com],http://www.shethinx.com,425928680820998,https://www.facebook.com/SheTHINX/,278630
36,Teknostore,Website,[info@teknostore.com],http://www.teknostore.com,623009067868108,https://www.facebook.com/teknostore/,38216
37,Notre Shop,Men's Clothing Store,[info@notre-shop.com],http://www.notreshop.com,719391628136507,https://www.facebook.com/notreshop/,8040
38,Pura Vida Bracelets,Clothing Store,[info@puravidabracelets.com],http://www.puravidabracelets.com/,138876992797995,https://www.facebook.com/puravidabracelets/,1386160
39,Bodega,Clothing Store,[info@bdgastore.com],bdgastore.com,107572642619343,https://www.facebook.com/bdgastore/,34411
40,Headphone Zone,Audio Visual Equipment Store,[direct@headphonezone.in],http://www.headphonezone.in,151162144922407,https://www.facebook.com/HeadphoneZone/,57005
41,Brooklinen,Home Decor,,http://www.brooklinen.com,588785404473852,https://www.facebook.com/Brooklinen/,248419
42,RIPT Apparel,Clothing (Brand),,http://www.riptapparel.com/,67259481703,https://www.facebook.com/riptapparel/,404244
43,RageOn,Product/Service,[info@rageon.com],http://www.RageOn.com,327779823922600,https://www.facebook.com/rageon/,1049368
44,Represent Clothing,Clothing (Brand),,http://www.represhop.eu/ http://www.represent.eu/,78113004000,https://www.facebook.com/RepresentClothing/,15140
45,Zoo Fashions,Men's Clothing Store,[info@zoofashions.com],www.zoofashions.com,133151966704872,https://www.facebook.com/ZOOfashions/,1458
46,Dollar Bender,E-commerce Website,,https://www.MagneticCablesStore.com,747240992089955,https://www.facebook.com/dollarbender/,1016
47,Dope,Clothing (Brand),[info@dope.com],http://www.Dope.com,27285246015,https://www.facebook.com/dope/,667244
48,The Music Zoo,Musical Instrument Store,[sales@themusiczoo.com],http://www.themusiczoo.com,197161138033,https://www.facebook.com/TheMusicZoo/,77997
49,LCM Malaysia,Commercial Equipment,,http://www.lcm.com.my,498517520275254,https://www.facebook.com/myshopify/,262
50,Culture Kings,Clothing (Brand),[orders@culturekings.com.au],www.culturekings.com.au,249533444254,https://www.facebook.com/culturekings/,588229
51,Pockindo,Bags/Luggage,,http://www.tixy.com,1197767856943553,https://www.facebook.com/pockindo/,41982
52,Cellrizon,Company,,http://cellrizon.com/,327322167453037,https://www.facebook.com/cellrizon/,258158
53,SlideBelts,Retail Company,[support@slidebelts.com],https://www.slidebelts.com,209230932487849,https://www.facebook.com/SlideBelts/,40625
54,Only NY,Clothing (Brand),,http://www.onlyny.com,62512922947,https://www.facebook.com/onlyny/,94765
55,Mondo,Art Gallery,,www.mondotees.com www.mondoarchive.com www.twitter.com/mondonews,47854467238,https://www.facebook.com/mondotees/,122914
56,Ticwear,Computer Company,,https://twitter.com/TicWear,752377234851174,https://www.facebook.com/ticwear/,169
57,Sivana,Fashion Designer,[info@sivanaspirit.com],www.sivanaspirit.com,143681145706328,https://www.facebook.com/sivanaspirit/,344568
58,Turntable Lab,Music Production Studio,[customerservice@turntablelab.com],https://www.TurntableLab.com,12372193226,https://www.facebook.com/turntablelab/,287364
59,Survival Frog,Retail Company,,https://SurvivalFrog.com,1854365618035754,https://www.facebook.com/SurvivalFrog/,105472
60,Natural Baby Shower,Shopping & Retail,[hello@naturalbabyshower.co.uk],https://www.naturalbabyshower.co.uk,222813107743464,https://www.facebook.com/naturalbabyshower/,18875
61,Juvia's Place,Health/Beauty,,http://www.juviasplace.com,229923820722279,https://www.facebook.com/juviasplace/,104911
62,inkbox,Product/Service,,www.inkbox.com,1566371506915847,https://www.facebook.com/getinkbox/,182769
63,Xenia Boutique,Shopping & Retail,[customercare@xenia.com.au],http://www.xeniaboutique.com.au,131237750249432,https://www.facebook.com/xeniaboutique/,479867
64,UNTUCKit,Clothing (Brand),[questions@untuckit.com],http://www.untuckit.com,162261143800622,https://www.facebook.com/UNTUCKit/,109118
65,Smoke Cartel Online Headshop,Website,[contact@smokecartel.com],https://www.smokecartel.com,269265160098506,https://www.facebook.com/smokecartel/,4660
66,Export Leftovers,Shopping & Retail,[info@exportleftovers.com],http://www.exportleftovers.com,547095725364417,https://www.facebook.com/exportleftovers/,1138554
67,Boardwalk Buy,Retail Company,,http://www.boardwalkbuy.com,463003060441487,https://www.facebook.com/BoardwalkBuy/,597252
68,Sneaker Politics,Men's Clothing Store,[contact@sneakerpolitics.com],http://www.sneakerpolitics.com,572111736183370,https://www.facebook.com/sneakerpolitics/,15598
69,Secret Wood,Fashion Designer,[askus@mysecretwood.com],http://www.mysecretwood.com,424583701074819,https://www.facebook.com/mysecretwood/,778799
70,Электронные парогенераторы в г. Орша,Shopping & Retail,,http://e-cig-city.by,707783432672888,https://www.facebook.com/ecigcity/,17
71,Dr. Dabber,Electronics,,https://www.drdabber.com,1409383132606545,https://www.facebook.com/drdabber/,62730
72,Grunt Style,Clothing (Brand),[customerservice@gruntstyle.com],http://www.gruntstyle.com,131303296897437,https://www.facebook.com/gruntstyle/,2277900
73,Gonoise,Product/Service,[support@nexxbase.com],http://www.gonoise.com,1511495619138631,https://www.facebook.com/gonoise/,588982
74,Lovepop Cards,Art,[hello@lovepopcards.com],Lovepop.com,804695086214693,https://www.facebook.com/lovepopcards/,133138
75,ChicNico,Clothing (Brand),,http://chicnico.com,848965858541392,https://www.facebook.com/chicnico/,3316
76,DankStop.com,Product/Service,[support@dankstop.com],https://dankstop.com,825825530767972,https://www.facebook.com/Dankstop/,12166
77,Negative Outlook,Musician/Band,[powdercityhc@gmail.com],http://www.powdercity.bandcamp.com,442389135894729,https://www.facebook.com/powdercity/,163
78,Black Milk Clothing,Clothing (Brand),[hello@blackmilkclothing.com],http://www.blackmilkclothing.com,129617417057349,https://www.facebook.com/blackmilkclothing/,740984
79,Status Anxiety.,Fashion Designer,[contact@statusanxiety.com.au],www.statusanxiety.com.au,108647589232333,https://www.facebook.com/StatusAnxiety/,59536
80,Nova Stuff,Musician/Band,,http://soundcloud.com/novastuff http://www.youtube.com/user/NovastuffMusic https://new.myspace.com/novastuff.music http://novastuff.bandcamp.com/ https://twitter.com/NovaStuff,601169999900511,https://www.facebook.com/NovaStuff/,46
81,Qualtry,Retail Company,[support@qualtry.com],http://qualtry.com/,1017209365019978,https://www.facebook.com/qualtry/,2562
82,Outdoor Voices,Brand,[hello@outdoorvoices.com],http://www.outdoorvoices.com,312443138843803,https://www.facebook.com/OutdoorVoices/,72266
83,Mansur Gavriel,Jewelry & Watches Store,[contact@mansurgavriel.com],http://www.mansurgavriel.com,406216472795151,https://www.facebook.com/mansurgavriel/,52825
84,The Rolling Indian,Community,,http://therollingindian.com,1219490448126445,https://www.facebook.com/TheRollingIndian/,113450
85,Killstar,Clothing (Brand),,www.KILLSTAR.com,151085631666418,https://www.facebook.com/killstar/,586514
86,Death Wish Coffee Company,Shopping & Retail,[deathwishcoffeecompany@gmail.com],http://www.deathwishcoffee.com,159943490729618,https://www.facebook.com/deathwishcoffee/,398306
87,GetiParts,Retail Company,[support@getiparts.com],www.getiparts.com,1606648072969798,https://www.facebook.com/GetiParts/,6802
88,The Chivery,Clothing (Brand),[support@thechivery.com],http://l.thechivery.com/ESjhzN,199433493405658,https://www.facebook.com/TheChivery/,250407
89,Peach and Lily,Health/Beauty,[hello@peachandlily.com],www.peachandlily.com,289300231184294,https://www.facebook.com/PeachAndLily/,49795
90,Hak,Clothing (Brand),[ling@hak.com.hk],,646662192035656,https://www.facebook.com/hak.shop/,431
91,BOOM by Cindy Joseph,Health/Beauty,[info@boombycindyjoseph.com],www.BoombyCindyJoseph.com,147226035288876,https://www.facebook.com/boombycindyjoseph/,303435
92,Body Candy Handcrafted Jewelry,Jewelry/Watches,,http://www.facebook.com/pages/Waist-Beads/345520112131378?sk=app_135607783795,345520112131378,https://www.facebook.com/bodycandy/,89
93,Family Fervor,Website,[support@familyfervor.com],http://familyfervor.com,1718767205052503,https://www.facebook.com/familyfervor/,239032
94,Wildflower Cases,Product/Service,,https://www.wildflowercases.com,215599945220481,https://www.facebook.com/WildflowerCases/,11515
95,Soaestheticshop,Company,,http://www.soaestheticshop.com,602195709953775,https://www.facebook.com/soaestheticshop/,33142
96,Love Your Melon,Clothing (Brand),,www.loveyourmelon.com,448595925190480,https://www.facebook.com/LoveYourMelon/,883394
97,Blink,Electronics,,http://www.blinkforhome.com,1489718927912387,https://www.facebook.com/blinkforhome/,74103
98,Thursday Boot Company,Clothing (Brand),,http://thursdayboots.com,249533715240484,https://www.facebook.com/ThursdayBoots/,105320
99,QALO,Retail Company,[support@qalo.com],http://qalo.com/,106906666148614,https://www.facebook.com/Qalo/,678585
100,JOLYN,Retail Company,[contact@jolynclothing.com],http://www.jolynclothing.com,254929616901,https://www.facebook.com/jolynclothing/,31026
101,Gul Ahmed Shop,Community,,http://www.GulAhmedstore.com,1415921555307521,https://www.facebook.com/GulAhmedShop/,137
102,Huel,Food & Beverage Company,[team@huel.com],http://www.huel.com,282592881929497,https://www.facebook.com/Huel/,78737
103,Spell Designs,Clothing (Brand),[enquiries@spelldesigns.com],http://spelldesigns.com/,104887259578642,https://www.facebook.com/spelldesigns/,243679
104,MMAWarehouse.com,Retail Company,,http://www.mmawarehouse.com,7064870953,https://www.facebook.com/mmawarehouse/,99510
105,deramores.com,Website,[customer.service@deramores.com],https://www.deramores.com/,196627368346,https://www.facebook.com/deramores/,98207
106,teelaunch,Clothing (Brand),,https://teelaunch.com,142881515846731,https://www.facebook.com/teelaunch/,13283
107,Frontline Videos Inc,Company,,,1495921570648707,https://www.facebook.com/frontlinevideos/,158
108,Case-Mate,Product/Service,[support@case-mate.com],https://case-mate.com,34602687914,https://www.facebook.com/casemate/,800108
109,100% Pure,Health/Beauty,[customerservice@puritycosmetics.com],https://www.100percentpure.com,188059098496,https://www.facebook.com/100percentpure/,309155
110,Quay Australia,Sunglasses & Eyewear Store,,http://QuayAustralia.com,54738740700,https://www.facebook.com/quayaustralia/,157186
111,Super King Markets,Specialty Grocery Store,[superking@superkingmarket.com],https://superkingmarkets.com/,108798047937,https://www.facebook.com/SuperKingMarkets/,65036
112,LocoBeauty,Beauty Supply Store,[support@locobeauty.com],https://locobeauty.com,1.52607E+15,https://www.facebook.com/locobeauty/,10618
113,Shop Zerouv,Jewelry/Watches,,http://www.shopzerouv.com,109491472725504,https://www.facebook.com/shopzerouv/,68
114,Henge Docks,Product/Service,,www.HengeDocks.com,119990791348773,https://www.facebook.com/HengeDocks/,65850
115,Alphalete,Clothing (Brand),,http://www.alphaleteathletics.com,371812486318802,https://www.facebook.com/alphaleteathletics/,48508
116,Parachute Home,Shopping & Retail,,https://www.parachutehome.com/?utm_source=facebook&utm_medium=social%20&utm_campaign=bio,193957350746563,https://www.facebook.com/ParachuteHome/,192888
117,The Critical Slide Society,Company,,www.thecriticalslidesociety.com,171402725202,https://www.facebook.com/thecriticalslidesociety/,15684
118,Flare Audio,Company,[info@flareaudio.com],http://www.flareaudio.com,211578645547026,https://www.facebook.com/flareaudio/,1183940
119,Glow Recipe,Health/Beauty,[love@glowrecipe.com],http://www.glowrecipe.com,312391605595029,https://www.facebook.com/glowrecipe/,21797
120,PosterGully.com,Shopping & Retail,[help@postergully.com],www.postergully.com,357011677667793,https://www.facebook.com/PosterGully/,140878
121,Chicago Music Exchange,Musical Instrument Store,[info@chicagomusicexchange.com],http://www.chicagomusicexchange.com,147410738617016,https://www.facebook.com/ChicagoMusicExchange/,202201
122,Studio Girls,Company,[studiogirlsbarranquilla@hotmail.com],http://studiogirls.com.co,106131392766180,https://www.facebook.com/StudioGirls/,3493
123,18montrose,Clothing Store,[info@18montrose.com],http://18montrose.com,736265093137413,https://www.facebook.com/18montrose/,2872
124,OBEY Clothing,Clothing (Brand),[info@obeyclothing.com],www.obeyclothing.com,95517791376,https://www.facebook.com/obeyclothing/,1511951
125,ALL the WORLD,Just For Fun,,,968843366518287,https://www.facebook.com/bestself/,711
126,Boll & Branch,E-commerce Website,[help@bollandbranch.com],https://www.bollandbranch.com,354593521329931,https://www.facebook.com/BollandBranch/,118387
127,DipYourCar.com,Automotive Customization Shop,[customerservice@dipyourcar.com],http://www.dipyourcar.com,198057786931986,https://www.facebook.com/DipYourCar/,674784
128,Diamond Supply Co,Company,,http://www.diamondsupplyco.com,50370501210,https://www.facebook.com/diamondsupplyco/,1681334
129,Urban Armor Gear,Phone/Tablet,,http://www.urbanarmorgear.com,346089502089728,https://www.facebook.com/UrbanArmorGear/,326018
130,Bluemercury,Cosmetics Store,[social@bluemercury.com],http://www.bluemercury.com/,66614866711,https://www.facebook.com/bluemercury/,120254
131,State of Escape,Bags/Luggage,,http://www.stateofescape.com,270348943134562,https://www.facebook.com/stateofescape/,3623
132,Topo Designs,Outdoor Equipment Store,[info@topodesigns.com],http://topodesigns.com/,106060412758326,https://www.facebook.com/TopoDesigns/,33205
133,TannerFox,Clothing (Brand),,https://www.tfoxbrand.com/,621666311350861,https://www.facebook.com/tFoxbrand/,563
134,Teradek,Electronics,[info@teradek.com],www.teradek.com,195194858570,https://www.facebook.com/Teradek/,14827
135,Luca + Grae,Clothing (Brand),,https://lucaandgrae.com/,1808490572722669,https://www.facebook.com/lucaandgrae/,1931
136,Pop Chart Lab,Home Decor,,www.popchartlab.com www.twitter.com/popchartlab,147762278580532,https://www.facebook.com/popchartlab/,89855
137,Team EnVyUs,Sports Team,,www.teamenvyus.com,310096466701,https://www.facebook.com/TeamEnVyUs/,58636
138,theBalm,Cosmetics Store,[info@thebalm.com],www.thebalm.com,58936684679,https://www.facebook.com/theBalm/,296174
139,The Fidget Cube Store,Company,,thefidgetcubestore.com,1.87261E+15,https://www.facebook.com/thefidgetcube/,46
140,INTO THE AM,Clothing (Brand),[support@intotheam.com],http://www.intotheam.com,244739001508,https://www.facebook.com/INTOTHEAM/,263050
141,Mura Boutique,Women's Clothing Store,,,248870808571272,https://www.facebook.com/MuraBoutique/,2923
142,Kanger-online.com,Website,,http://www.kanger-online.com,1473758266194017,https://www.facebook.com/kangeronline/,21
143,TOM BIHN,Shopping & Retail,[feedback@tombihn.com],http://www.tombihn.com,55838757297,https://www.facebook.com/TOMBIHN/,12162
144,Waistshaperz.com,Clothing (Brand),,http://www.WaistShaperZ.com,984991364897672,https://www.facebook.com/WaistShaperz/,245644
145,Phone Endoscope,Phone/Tablet,,https://usbendoscopecamera.com,1728036907488138,https://www.facebook.com/phoneendoscope/,83
146,Slick Case,Phone/Tablet,[support@vectoring.com.hk],http://slickcaseofficial.com,634399383330348,https://www.facebook.com/slickcase.official/,504916
147,Rhino Shield,Electronics,,http://www.rhinoshield.pt,571166426289767,https://www.facebook.com/rhinoshield/,260
148,GOATcase,Mobile Phone Shop,[hello@goatcase.com],http://www.GOATcase.com,1135969783131298,https://www.facebook.com/GOATcase/,10901
149,2Modern,Home Decor,,http://www.2modern.com,10245586555,https://www.facebook.com/2Modern/,75561
150,Necessary Clothing,Clothing (Brand),[customerservice@necessaryclothing.com],http://www.necessaryclothing.com/,131445681681,https://www.facebook.com/NecessaryClothing/,80435
151,Rhino Shield,Electronics,,http://www.rhinoshield.pt,571166426289767,https://www.facebook.com/rhinoshield/,260
152,NoBull Project,Nonprofit Organization,[info@nobullproject.org],http://www.nobullproject.org http://www.twitter.com/nobullproject,384259878262645,https://www.facebook.com/nobullproject/,714
153,Afloral.com,Retail Company,[customerservice@afloral.com],https://www.afloral.com,113547165337831,https://www.facebook.com/afloral/,21139
154,Zippo,Business Service,[consumerrelations@zippo.com],http://www.zippo.com,220281585028,https://www.facebook.com/Zippo/,1645564
155,Hubble,Product/Service,[help@hubblecontacts.com],http://HubbleContacts.com,1130834026929567,https://www.facebook.com/HubbleContacts/,206459
156,SprezzaBox,Shopping Service,[support@sprezzabox.com],http://www.sprezzabox.com,249346985233155,https://www.facebook.com/sprezzabox/,121346
157,Vodrich,Company,[info@vodrich.com],http://www.vodrich.com,1425567721018683,https://www.facebook.com/VODRICH/,307471
158,Daft Punk,Musician/Band,,http://www.daftpunk.com/ http://www.daft-musique.com/ http://www.myspace.com/daftpunk http://www.youtube.com/daftpunkalive,22476490672,https://www.facebook.com/daftpunk/,13389097
159,Namibia Marketing Agency,Marketing Agency,[pro_investments@yahoo.com],,935454376559662,https://www.facebook.com/greats/,158
160,Casa do Código,Education,[contato@casadocodigo.com.br],http://www.casadocodigo.com.br/,339585966118023,https://www.facebook.com/CasaDoCodigo/,89021
161,Crazy Aaron's Puttyworld,Games/Toys,[customercare@puttyworld.com],www.Puttyworld.com/,109845447109,https://www.facebook.com/puttyworld/,11895
162,Next Deal Shop,Retail Company,[info@nextdealshop.com],http://www.nextdealshop.com,156648981355058,https://www.facebook.com/NextDealShop/,940853
163,Luxy Hair,Product/Service,[info@luxyhair.com],http://www.luxyhair.com,103454679707222,https://www.facebook.com/LuxyHair/,319391
164,"80sTees.com, Inc.",Clothing Store,[help@80stees.com],http://www.80stees.com,20522976968,https://www.facebook.com/80sTees/,561270
165,UniqFind,Retail Company,[info@uniqfind.com],http://www.uniqfind.com,677084199046998,https://www.facebook.com/uniqfind/,25739
166,Vitaly,Apparel & Clothing,,www.vitalydesign.com,158986170792575,https://www.facebook.com/vitalydesign/,145501
167,FasciaBlaster Blastercise San Diego,Health/Beauty,[tr@tamararenee.com],http://www.tamarareneeglobal.com,701346836568438,https://www.facebook.com/fasciablaster/,659
168,Rocketbook,Internet Company,[support@getrocketbook.com],Getrocketbook.com,608884202539505,https://www.facebook.com/GetRocketbook/,12522
169,TheManCompany,Health/Beauty,"[care@themancompany.com, marketing@themancompany.com]",https://www.themancompany.com,631488936979872,https://www.facebook.com/Themancompany/,455668
170,Pluto Trigger,Camera/Photo,[info@plutotrigger.com],http://plutotrigger.com,164330133954411,https://www.facebook.com/plutotrigger/,18214
171,FCPXFree,Community,,http://www.fcpxfree.com,197964183887107,https://www.facebook.com/fcpxfree/,7929
172,Pop Your Pup,Clothing (Brand),[contact@popyourpup.com],http://www.popyourpup.com,251285645056488,https://www.facebook.com/popyourpup/,87232
173,Angelusdirect.com,Website,[info@angelusdirect.com],http://www.angelusdirect.com http://www.twitter.com/angelusdirect http://www.instagram.com/angelusdirect,540497839353866,https://www.facebook.com/AngelusDirect/,75795
174,My Choice Software,Software Company,[info@mychoicesoftware.com],http://MyChoiceSoftware.com/,157276547697725,https://www.facebook.com/mychoicesoftware/,13841
175,Tortuga,Retail Company,[contact@tortugabackpacks.com],http://www.tortugabackpacks.com,193421370621,https://www.facebook.com/tortugabackpacks/,6881
176,MSFTSrep,Clothing (Brand),,http://msftsrep.com,1017788818328681,https://www.facebook.com/MSFTSREP/,22789
177,Limited Run Games,Retail Company,[douglas@limitedrungames.com],http://www.limitedrungames.com,962233300503681,https://www.facebook.com/LimitedRunGames/,20809
178,Babay solitaire,Artist,[mad_wade@hotmail.fr],http://www.twitter.com/black.fire,197448803713702,https://www.facebook.com/underground.hiphop/,606
179,So Shape,Health/Beauty,[hello@soshape.com],http://soshape.com,449310211823957,https://www.facebook.com/Soshape/,123602
180,Sugarbearhair,Health/Beauty,[hello@sugarbearhair.com],http://sugarbearhair.com,461941174006403,https://www.facebook.com/SugarBearHair/,1098840
181,SOURCEvapes,Electronics,,http://www.SOURCEvapes.com,179037045611068,https://www.facebook.com/SOURCEvapes/,15005
182,Deny Designs,Home Decor,[support@denydesigns.com],denydesigns.com,190991270939391,https://www.facebook.com/DenyDesigns/,56701
183,oipolloi.com,Men's Clothing Store,[mailorder@oipolloi.com],https://www.oipolloi.com/,22817794113,https://www.facebook.com/oipolloi/,45611
184,Bellami Hair,Health/Beauty,[info@bellamihair.com],www.bellamihair.com,291629670901793,https://www.facebook.com/bellamihair/,144555
185,Korean Store,Clothing (Brand),,,144230832669696,https://www.facebook.com/mykoreanstore/,67
186,Vapor Authority,Retail Company,[management@vaporauthority.com],https://www.VaporAuthority.com,175860635903912,https://www.facebook.com/VaporAuthority/,8951
187,Buy Me Brunch,Clothing (Brand),[support@buymebrunch.com],http://l.buymebrunch.com/i8pKW4,377132562369010,https://www.facebook.com/buymebrunch/,152659
188,Lila Nikole Collection,Clothing (Brand),,www.LilaNikole.com,169627146419602,https://www.facebook.com/LilaNikole/,4494
189,Lightroom Presets,Camera/Photo,,,363314320360031,https://www.facebook.com/LightroomPresets/,3862
190,www.ClassicShaving.com,Tools/Equipment,,www.ClassicShaving.com,137116847515,https://www.facebook.com/ClassicShaving/,31069
191,Shinesty,Clothing (Brand),,http://www.shinesty.com,168735513291523,https://www.facebook.com/Shinesty/,278942
192,Burlap Apparel,Clothing (Brand),[info@shopburlap.co],http://shopburlap.co,147924942390980,https://www.facebook.com/shopburlap/,1355065
193,TryFollowers,Professional Service,,https://www.tryfollowers.com,567299283408023,https://www.facebook.com/TryFollowers/,1079
194,Rise:45 | WEST Rooftop Patio every Sunday,Dance & Night Club,[mlaforet@westrestaurantandbar.com],http://www.westrestaurantandbar.com/rooms/rooftop-patio/,242012669157641,https://www.facebook.com/RISE45/,183
195,HICKIES,Product/Service,,www.hickies.com,274163499313589,https://www.facebook.com/HICKIES/,353768
196,Arda Wigs,Wig Store,[orders@arda-wigs.com],http://arda-wigs.com/,109598419071457,https://www.facebook.com/ArdaWigs/,158641
197,Skin18 - Nature Beauty Skin Care,Skin Care Service,[info@skin18.com],http://www.skin18.com,473699592785190,https://www.facebook.com/skin18/,25930
198,Diesel Trucks For Sale,Website,[info@dieselsellerz.com],http://www.dieselsellerz.com,476759112358478,https://www.facebook.com/DieselSellerz/,2729562
199,OFRA Cosmetics Laboratories,Health/Beauty,[support@ofracosmetics.com],"http://www.ofracosmetics.com , twitter.com/ofracosmetics , http://instagram.com/ofracosmetics , http://www.youtube.com/user/ofracosmetics",149004249771,https://www.facebook.com/ofracosmetics/,430121
200,Aceroix,Home Decor,[contact@aceroix.com],https://aceroix.com,1150999564958687,https://www.facebook.com/ACEROIX/,3733
201,Maker Shed,Electronics,,http://makershed.com,132896086743753,https://www.facebook.com/MakerShed/,14637
202,NIALAYA JEWELRY,Jewelry & Watches Store,[customerservice@nialaya.com],http://www.nialaya.com,126197000730223,https://www.facebook.com/NIALAYA/,121522
203,I love India,Community,,,277930865575016,https://www.facebook.com/BonOrganik/,63
204,Lord Timepieces,Jewelry/Watches,[hello@lordtimepieces.com],https://lordwatch.co/shoplord,1587128114843179,https://www.facebook.com/LordTimepieces/,135990
205,Serpent Urban Clothing,Apparel Distributor,,http://serpenturbanclothing.com,477026095818968,https://www.facebook.com/serpenturbanclothing/,223840
206,Suchprice 優價網,E-commerce Website,[cs@suchprice.hk],https://suchprice.hk,1594549894122146,https://www.facebook.com/suchprice/,45123
207,Popmarket,Local Business,,,133325575850,https://www.facebook.com/popmarket/,17
208,What do you meme,Comedian,,,1033147126735587,https://www.facebook.com/Whatdoyoumeme/,188
209,DoozyDeal,Shopping Service,,,1740025976224353,https://www.facebook.com/doozydeal/,384
210,Kidrobot,Retail Company,[customerservice@kidrobot.com],https://www.kidrobot.com,36501437548,https://www.facebook.com/kidrobot/,163128
211,Crane & Canopy,Home Decor,[customerservice@craneandcanopy.com],www.craneandcanopy.com,196723103738035,https://www.facebook.com/craneandcanopy/,312545
212,Coastal Scents,Cosmetics Store,,http://www.coastalscents.com,189044110779,https://www.facebook.com/CoastalScents/,484062
213,Kokopie,Clothing (Brand),[info@kokopiecoco.com],http://kokopiecoco.com,782181981856951,https://www.facebook.com/kokopiecoco/,105840
214,Tom Hope,Product/Service,,https://www.thetomhope.com,457759940938374,https://www.facebook.com/thetomhope/,1354451
215,Young & Reckless,Clothing (Brand),,https://ynr.la/fb,105782405763,https://www.facebook.com/youngandreckless/,1200969
216,PotatoParcel.com,Website,[support@potatoparcel.com],http://www.potatoparcel.com,1676930715869891,https://www.facebook.com/potatoparcel/,41422
217,Poopourri,Product/Service,[questions@poopourri.com],www.POOPOURRI.com,185891658108917,https://www.facebook.com/PooPourri/,230267
218,Good American,Clothing (Brand),,https://www.goodamerican.com,1768795063340542,https://www.facebook.com/goodamerican/,155341
219,Black Pyramid Clothing,Clothing (Brand),,http://www.blackpyramidclothing.com,218342478592130,https://www.facebook.com/BlackPyramidClothing/,664
220,Self Reliance Outfitters,Sports & Recreation Venue,[customerservice@sroutfitters.net],http://www.selfrelianceoutfitters.com,300917876659589,https://www.facebook.com/Selfrelianceoutfitters/,27435
221,Artesanal,"Beauty, Cosmetic & Personal Care",,http://www.facebook.com/artnaturals,249230308468899,https://www.facebook.com/artnaturals/,69
222,Thick Ass Glass LLC,Retail Company,[info@thickassglass.com],http://www.thickassglass.com,428575403946560,https://www.facebook.com/thickassglass/,3577
223,Jerry of the Day,Personal Blog,[jerryoftheday@gmail.com],http://www.jerryoftheday.net,221655724591999,https://www.facebook.com/jerryoftheday/,187053
224,A Book Apart,Publisher,,http://www.abookapart.com/,425598700794033,https://www.facebook.com/ABookApart/,3909
225,SVS,Electronics,[custservice@svsound.com],www.svsound.com,176405099114803,https://www.facebook.com/SVSound/,169792
226,Brainy-Bits,Computer Company,[info@brainy-bits.com],https://brainy-bits.com,911172402235958,https://www.facebook.com/brainybits/,1249
227,’47,Clothing (Brand),,http://47brand.com,189010391223,https://www.facebook.com/47brand/,819134
228,Board Game Bliss,Retail Company,[boardgamebliss@gmail.com],http://www.boardgamebliss.com,167956900064016,https://www.facebook.com/boardgamebliss/,4757
229,Tattly,Product/Service,[hello@tattly.com],http://www.tattly.com,195184700565026,https://www.facebook.com/Tattly/,37071
230,digizani.com,Video Game Store,[support@digizani.com],https://www.digizani.com/,351557391716273,https://www.facebook.com/digizani/,12506
231,Pure Cycles,Product/Service,[support@purecycles.com],http://purecycles.com,163396193686180,https://www.facebook.com/purecycles/,106189
232,Stone Island,Clothing (Brand),[spwco@spwco.it],www.stoneisland.com,231623463406,https://www.facebook.com/StoneIsland/,478345
233,3Claps,Clothing (Brand),[contact@3claps.com],https://www.3claps.com/,637798613010093,https://www.facebook.com/3claps/,44928
234,Motion RC,Retail Company,[support@motionrc.com],https://www.motionrc.com,260373294050119,https://www.facebook.com/MotionRc/,7900
235,Stirling Sports,Shopping & Retail,,http://www.stirlingsports.co.nz,116559901695854,https://www.facebook.com/StirlingSportsNZ/,84334
236,HiSmile,Health/Beauty,,http://www.hismileteeth.com,1573441899601646,https://www.facebook.com/hismileteeth/,1593511
237,PITAKA,Product/Service,[support@ipitaka.com],http://www.ipitaka.com,878817642156859,https://www.facebook.com/ipitaka/,19167
238,How To Cake It,Food & Beverage Company,,http://www.howtocakeit.com,748483455187661,https://www.facebook.com/howtocakeit/,80504
239,L.A. Girl Cosmetics,Beauty/Cosmetics Company,[info@lagirlusa.com],www.lagirlusa.com,105777374664,https://www.facebook.com/lagirlusa/,149677
240,TeePeat,Website,,http://teepeat.com,255217061505824,https://www.facebook.com/TeePeat/,87828
241,Pixie Faire,Website,,http://www.pixiefaire.com/,602538183104124,https://www.facebook.com/PixieFaire/,12166
242,Dagne Dover,Retail Company,,www.dagnedover.com,219964211450043,https://www.facebook.com/DagneDover/,35562
243,Diamants et Carats,Jewelry & Watches Store,[diamantsetcarats1@gmail.com],http://www.diamantsetcarats.com/,530644716971774,https://www.facebook.com/DiamantsEtCarats/,1803
244,Ministry of Supply,Clothing (Brand),,http://www.ministryofsupply.com,278427518877086,https://www.facebook.com/ministryofsupply/,34652
245,The Business Leicester,Clothing Store,[info@thebusinessfashion.co.uk],http://www.thebusinessfashion.co.uk,394804950550729,https://www.facebook.com/TheBusinessFashion/,1128
246,Sand cloud towels,Organization,,,273811923073191,https://www.facebook.com/sandcloudtowels/,16
247,Vrai & Oro,Jewelry/Watches,,http://www.vraiandoro.com,748248408532609,https://www.facebook.com/vraiandoro/,23687
248,LUUUP,Fictional Character,,,254878038016810,https://www.facebook.com/LUUUP/,2908
249,iHeartRaves.com,Shopping & Retail,[support@iheartraves.com],https://www.iHeartRaves.com,109972169099021,https://www.facebook.com/iHeartRaves/,573609
250,Fenerium,Shopping & Retail,[iletisim@fenerium.com.tr],http://www.fenerium.com.tr,142929492419058,https://www.facebook.com/Fenerium/,336602
251,ANOVOS,Retail Company,[support@anovos.com],http://www.ANOVOS.com,109162604213,https://www.facebook.com/ANOVOS/,54609
252,Budovideos.com,Sporting Goods Store,[support@budovideos.com],http://www.budovideos.com,107808683812,https://www.facebook.com/budo4life/,50447
253,Anson Belt & Buckle,Clothing (Brand),,AnsonBelt.com,308314042943,https://www.facebook.com/ansonbelt/,5395
254,Mission Workshop,Bags & Luggage Company,[info@missionworkshop.com],http://missionworkshop.com/,238308733613,https://www.facebook.com/MissionWorkshop/,37754
255,Cyankart.com,Website,[hello@cyankart.com],http://www.cyankart.com,345461548929252,https://www.facebook.com/cyankart/,289102
256,Beauty Bakerie,"Beauty, Cosmetic & Personal Care",[info@beautybakerie.com],http://www.beautybakerie.com http://www.twitter.com/beautybakerie,103641006396494,https://www.facebook.com/beautybakerie/,132813
257,Ideou Assessoria de Marketing,Advertising/Marketing,[oi@ideou.com.br],http://www.ideou.com.br,1.78815E+15,https://www.facebook.com/ideou/,956
258,Better Chinese LLC,Product/Service,,http://www.BetterChinese.com,104564475010,https://www.facebook.com/BetterChinese/,2400
259,Pai Skincare,Health/Beauty,[support@paiskincare.com],http://www.paiskincare.com,138281716207853,https://www.facebook.com/PaiSkincare/,19576
260,Love R Shop,Clothing (Brand),,,341458529544638,https://www.facebook.com/hypershop/,63
261,3dm lifestyle,Furniture,,,1728586337424632,https://www.facebook.com/3DM.lifestyle/,45
262,LIVELY,Clothing (Brand),,http://www.wearlively.com,1066154876740306,https://www.facebook.com/wearlively/,43282
263,Elwood Clothing,Clothing (Brand),,http://www.elwoodclothing.com,22826806191,https://www.facebook.com/ElwoodClothing/,46361
264,TheHorse.com,Publisher,,http://www.thehorse.com/,56880838282,https://www.facebook.com/TheHorse/,130119
265,LightLeakLove,Local Business,[hello@lightleaklove.com],http://www.lightleaklove.com,151253245070658,https://www.facebook.com/LightLeakLove/,885
266,Klean Kanteen,Food & Beverage,[original@kleankanteen.com],www.kleankanteen.com,105348781989,https://www.facebook.com/kleankanteen/,68145
267,HOMAGE,Clothing (Brand),[info@homage.com],http://www.homage.com,10211495898,https://www.facebook.com/HOMAGE/,205248
268,Production Music Live,Musician/Band,,https://www.youtube.com/c/ProductionMusicLive,274078512776798,https://www.facebook.com/productionmusiclive/,61670
269,Daya by Zendaya,Clothing (Brand),,http://dayabyzendaya.com,599365360205704,https://www.facebook.com/dayabyzendaya/,13763
270,Solestop,Footwear Store,[info@solestop.com],http://www.Solestop.com,109402149079483,https://www.facebook.com/Solestop/,10500
271,Tastybook,Community,,,150714201748066,https://www.facebook.com/Tastybook/,667
272,Philip Browne Menswear,Men's Clothing Store,[admin@philipbrownemenswear.co.uk],www.philipbrownemenswear.co.uk,123793224327572,https://www.facebook.com/philipbrownemenswear/,3269
273,Click & Grow,Product/Service,,http://www.clickandgrow.com,107481695963015,https://www.facebook.com/clickandgrow/,28884
274,Hush,App Page,,http://shophush.com,1166229966741821,https://www.facebook.com/shophush/,125
275,Celtic Memorials of Blackwood,Funeral Service & Cemetery,[celticmemorials@mail.com],http://www.celticmemorials-blackwood.co.uk,930568773664046,https://www.facebook.com/fairgoods/,31
276,CreativeBooster,Website,,http://creativebooster.net,709316652532971,https://www.facebook.com/creativebooster/,719
277,Women's Best,Vitamins/Supplements,[office@womensbest.com],http://www.womensbest.com,1.52332E+15,https://www.facebook.com/womensbest/,202417
278,AFFLICTION,Clothing (Brand),[customerservice@afflictionclothing.com],www.afflictionclothing.com,198715089327,https://www.facebook.com/AfflictionClothing/,348451
279,Best Choice Products,Retail Company,[customerservice@bestchoiceproducts.com],www.bestchoiceproducts.com,174658692561705,https://www.facebook.com/BestChoiceProducts/,29343
280,Dose of Colors,Health/Beauty,[info@doseofcolors.com],https://doseofcolors.com/,783891461733348,https://www.facebook.com/DoseofColors/,170701
281,Attic,Footwear Store,[customerservice@attic2zoo.com],http://www.attic2zoo.com,152819178071948,https://www.facebook.com/attic2zoo/,13044
282,VRS Design,Product/Service,[support@vrsdesign.com],https://vrsdesign.com,110089529674582,https://www.facebook.com/VRSDesign/,155
283,Syndrome,Shopping & Retail,[syndromecustomer@163.com],http://syndromestore.com/,293686480754922,https://www.facebook.com/syndromestore/,42233
284,Jura Watches,Jewelry & Watches Store,[help@jurawatches.co.uk],http://www.jurawatches.co.uk,206083985959,https://www.facebook.com/JuraWatches/,8459
285,Cellucor,Company,[support@cellucor.com],http://www.cellucor.com,44829557651,https://www.facebook.com/Cellucor/,848042
286,Newbury Comics,Local Business,,http://www.newburycomics.com,61301962345,https://www.facebook.com/newburycomics/,169030
287,Jouer Cosmetics,Health/Beauty,,www.jouercosmetics.com www.twitter.com/jouercosmetics http://czilber.blogspot.com www.youtube.com/jouercosmetics http://www.pinterest.com/jouercosmetics,111948185608,https://www.facebook.com/jouercosmetics/,124556
288,Social Status,Men's Clothing Store,,http://www.socialstatuspgh.com,1546761105542014,https://www.facebook.com/socialstatuspgh/,1259
289,WIGS,TV Show,,http://watchwigs.com,183910085045258,https://www.facebook.com/wigs/,52404
290,Cncpts Interactive,Business Service,[evan@cncpts.me],WeCreateConcepts.com,142030112530298,https://www.facebook.com/CNCPTS/,87
291,EVANNEX Tesla Accessories,Automotive Parts Store,[info@evannex.com],http://www.evannex.com,450251081676780,https://www.facebook.com/evannex/,2448
292,Came-Tv.com for Photographer and Filmmaker,Camera/Photo,,http://www.came-tv.com,344223719043174,https://www.facebook.com/CameTV/,9931
293,The Original ScrapBox,Arts & Crafts Store,[customerservice@theoriginalscrapbox.com],http://theoriginalscrapbox.com/,39007817954,https://www.facebook.com/TheOriginalScrapBox/,553192
294,Bradley Martyn Fitgear,Athlete,,,227238327732595,https://www.facebook.com/bmfitgear/,1096
295,Youfoodz,Food Delivery Service,[hungry@youfoodz.com],http://www.youfoodz.com,450638474992565,https://www.facebook.com/youfoodz/,172541
296,Glucogen,Vitamins/Supplements,,http://glucogenbiocel.com,920695371289022,https://www.facebook.com/dropshipaja/,5
297,Purpose Tour Merch,Community,,,1675448516117208,https://www.facebook.com/purposetourmerch/,671
298,HIGHS AND LOWS,Apparel & Clothing,[hal@highsandlows.net.au],www.highsandlows.net.au,185406349573,https://www.facebook.com/highsandlows/,20115
299,Health Ranger Store,Health/Beauty,[csr@healthrangerstore.com],https://healthrangerstore.com,266513043725578,https://www.facebook.com/healthrangerstore/,2198
300,Fayettechill Clothing Company,Clothing (Brand),[info@fayettechill.com],http://fayettechill.com,151272091356,https://www.facebook.com/Fayettechill/,46269
301,Vapoureyes,Shopping & Retail,[hello@vapoureyes.com.au],http://vapoureyes.com.au/,550907748323704,https://www.facebook.com/vapoureyes/,7248
302,RE/DONE,Clothing (Brand),,http://shopredone.com/,462855623843144,https://www.facebook.com/shopredone/,15968
303,Simba,Mattress Store,[hello@simbasleep.com],http://simbasleep.com,139767333028906,https://www.facebook.com/Simbasleep/,170840
304,Whatever World,Travel Company,,http://www.whateverworld.co.uk,1640785729507281,https://www.facebook.com/thewhateverworld/,281
305,SVG Studio,Lingerie & Underwear Store,[svgstudiobv@gmail.com],https://www.svgstudiobv.nl/,376819305982650,https://www.facebook.com/svgstudio/,0
306,KINGPINcooling,Computer Company,[vince@kingpincooling.com],http://www.kingpincooling.com,498645770145946,https://www.facebook.com/kingpincooling/,61500
307,Aurum Brothers,Jewelry/Watches,,http://www.aurumbrothers.com,671588366231074,https://www.facebook.com/aurumbrothers/,211438
308,Shop Salomondrin,Clothing (Brand),[info@shopsalomondrin.com],shopsalomondrin.com,271270700011877,https://www.facebook.com/shopsalomondrin/,1258
309,Luminous EShop Page,Product/Service,[youngretail@gmail.com],https://www.luminouseshop.com/,190458918167122,https://www.facebook.com/luminouseshop/,2320
310,Northweek,Company,[info@northweek.com],http://www.northweek.com,373062619432366,https://www.facebook.com/Northweek/,774544
311,The Mag Park,Footwear Store,,http://www.themagpark.com,247810748753304,https://www.facebook.com/themagpark/,995
312,Wicked Clothes,Clothing (Brand),,www.wickedclothes.com,111278008942618,https://www.facebook.com/wickedclothes/,429901
313,Teeternal,Website,[support@teeternal.com],https://www.teeternal.com,518739714978329,https://www.facebook.com/teeternal/,101498
314,Pixi Beauty,Health/Beauty,[info@pixibeauty.com],http://www.pixibeauty.com,55635571914,https://www.facebook.com/PixiBeauty/,286822
315,Fitnessinfinity,Community,[fitnessblaster.rohit@gmail.com],http://www.youtube.com/c/fitnessinfinity,243489242792583,https://www.facebook.com/kagedmuscle/,67
316,Hunt and Company,Real Estate Agent,,,119600444888314,https://www.facebook.com/HuntAndCompany/,0
317,Myles Apparel,Clothing (Brand),[contact@mylesapparel.com],http://mylesapparel.com/,685015801521685,https://www.facebook.com/MylesApparel/,19205
318,Shop Priceless,Clothing (Brand),[hello@shoppriceless.com],http://www.shoppriceless.com,368061849895,https://www.facebook.com/shoppriceless/,284915
319,Velvet Caviar,Product/Service,,VELVETCAVIAR.com,230923473779186,https://www.facebook.com/VelvetCaviar/,103522
320,Games 4 Gains,Education,[brittney@games4gains.com],http://www.games4gains.com,1410457742526809,https://www.facebook.com/games4gains/,1423
321,Natural Stacks,Vitamins/Supplements,[support@naturalstacks.com],http://www.naturalstacks.com http://twitter.com/naturalstacks http://instagram.com/naturalstacks,580254075347348,https://www.facebook.com/NaturalStacks/,16448
322,Packer Shoes,Shopping & Retail,[info@packershoes.com],www.packershoes.com,1801146226872451,https://www.facebook.com/PackerShoes/,23
323,Sunglasses Ninja,Brand,[info@sunglassesninja.com],http://SunglassesNinja.com,1508403975853304,https://www.facebook.com/SunglassesNinja/,15583
324,Sin in Linen,Home Decor,,http://www.sininlinen.com,68587097713,https://www.facebook.com/SinInLinen/,64713
325,Johnny Cupcakes,Clothing (Brand),[customerservice@johnnycupcakes.com],http://johnnycupcakes.com,121833853173,https://www.facebook.com/johnnycupcakes/,159445
326,Kikkerland Design,Product/Service,[info@kikkerland.com],https://kikkerland.com,142558669090671,https://www.facebook.com/Kikkerland/,30456
327,Instant AdCopy,Website,[service@instantadcopy.com],http://www.instantadcopy.com,396688324054741,https://www.facebook.com/instantadcopy/,19004
328,IMbesharam.com,Shopping & Retail,[hello@imbesharam.com],www.imbesharam.com,317012591683963,https://www.facebook.com/IMbesharam/,235876
329,Zen Minded,Home Decor,,http://zenminded.uk,1139647516064994,https://www.facebook.com/zen.minded/,895
330,Battle Beaver Customs,Video Game,[ivan@battlebeavercustoms.com],Http://www.battlebeavercustoms.com,189857187705692,https://www.facebook.com/BattleBeaverCustoms/,3197
331,Rad Power Bikes,Bicycle Shop,[info@radpowerbikes.com],www.radpowerbikes.com,771919022876585,https://www.facebook.com/RadPowerBikes/,79007
332,2020AVE,Clothing (Brand),,"http://www.2020ave.com, http://www.instagram.com/2020ave, http://www.twitter.com/2020ave",300367279975771,https://www.facebook.com/2020ave/,38043
333,New Republic by Mark McNairy,Clothing (Brand),[service@newrepublicshoes.com],http://www.newrepublicman.com,1718791395066941,https://www.facebook.com/newrepublicman/,18102
334,Out of Print,Clothing (Brand),[help@outofprintclothing.com],https://outofprintclothing.com/,175580571641,https://www.facebook.com/outofprintclothing/,113835
335,FIGS,Clothing (Brand),,http://www.wearFIGS.com,350154838339984,https://www.facebook.com/wearFIGS/,92490
336,Online Prasad,Shopping & Retail,[contact@onlineprasad.com],www.onlineprasad.com,203636529705216,https://www.facebook.com/OnlinePrasad/,140511
337,Alpha Accessories,Accessories,[support@alphaaccessories.co.uk],http://www.alphaaccessories.co.uk,539275136119345,https://www.facebook.com/alphaaccessories/,344
338,Xhibition,Shopping Mall,[nikolai@abeiendommer.no],www.xhibition.no,141313199242887,https://www.facebook.com/xhibition/,16694
339,SpiritHoods,Clothing (Brand),[help@spirithoods.com],http://spirithoods.com,418957405590,https://www.facebook.com/spirithoods/,275731
340,Q-See,Electronics Company,[support@q-see.com],http://www.q-see.com,126320410753479,https://www.facebook.com/QSee/,46676
341,Thrive Causemetics,Beauty/Cosmetics Company,[help@thrivecausemetics.com],https://thrivecausemetics.com,445629222247515,https://www.facebook.com/thrivecausemetics/,186738
342,MyIntent,Education,[serve@myintent.org],http://www.myintent.org,444942042276688,https://www.facebook.com/myintent/,121888
343,EmazingLights,Retail Company,,http://www.emazinglights.com,1457911780916492,https://www.facebook.com/EmazingLights/,492812
344,Hyperion HQ,Clothing Store,,https://www.etsy.com/shop/HyperionStore,1664460183818394,https://www.facebook.com/hyperionstore/,118
345,กระเป๋าผ้า ถุงผ้า ออกแบบ/ผลิต/และจำหน่าย,Business Service,,https://www.facebook.com/BagHomeThailandShop/,1568538403471027,https://www.facebook.com/BAGGU/,104
346,Poler Stuff,Outdoor & Sporting Goods Company,[info@polerstuff.com],www.polerstuff.com,163850730323882,https://www.facebook.com/polerstuff/,79079
347,BaseQi,Electronics,,http://www.baseqi.com,1407839989491213,https://www.facebook.com/baseqi/,14895
348,Mizzen+Main,Retail Company,[info@mizzenandmain.com],www.mizzenandmain.com,394032477289699,https://www.facebook.com/MizzenAndMain/,47560
349,Citizenry.,Local Service,[cam.hill@citizenryphoto.com],http://500px.com/CameronHill,265805413541655,https://www.facebook.com/thecitizenry/,221
350,Steiner Sports,Product/Service,[social@steinersports.com],http://www.steinersports.com,46891043156,https://www.facebook.com/steinersports/,231260
351,Print Revival,Shopping Service,,http://printrevival.com/,1560211090963412,https://www.facebook.com/printrevival/,468636
352,Bachelor's Box,Product/Service,,http://bachelorsbox.com,932095600142816,https://www.facebook.com/bachelorsbox/,29890
353,STAG - Provisions for Men,Men's Clothing Store,[info@stagprovisions.com],https://stagprovisions.com,185225167744,https://www.facebook.com/stagprovisions/,7727
354,F.A.V,Clothing (Brand),[info@favclothing.com],http://www.favclothing.com,147319885365149,https://www.facebook.com/FAVWORLD/,14228
355,Kulani Kinis,Clothing (Brand),[info@kulanikinis.com],http://www.kulanikinis.com,1539597099640137,https://www.facebook.com/kulanikinis/,50759
356,SeeMeCNC,Electronics,,http://www.seemecnc.com,272243912812462,https://www.facebook.com/seemecnc/,9099
357,Aether Apparel,Clothing (Brand),[hello@aetherapparel.com],"www.aetherapparel.com, http://twitter.com/#!/AetherApparel http://pinterest.com/aetherapparel/",100158330052265,https://www.facebook.com/aetherapparel/,33898
358,KOOKAÏ,Clothing (Brand),,www.kookai.fr,131131239039,https://www.facebook.com/Kookai/,282803
359,Uplift Photoshop Actions,Camera/Photo,[create@upliftactions.com],www.UpliftActions.com,919275191489476,https://www.facebook.com/upliftactions/,448870
360,Rothy's,Footwear Store,,http://www.rothys.com,1012353748789496,https://www.facebook.com/rothys/,91550
361,ELITIFY.COM,Clothing (Brand),[social@elitify.com],www.elitify.com,263746583729178,https://www.facebook.com/elitify/,213156
362,United By Blue,Outdoor & Sporting Goods Company,[blue@unitedbyblue.com],http://unitedbyblue.com,106940962666985,https://www.facebook.com/unitedbyblue/,36473
363,EXCLUCITY,Shopping & Retail,[info@exclucitylife.com],https://shop.exclucitylife.com,164868033544714,https://www.facebook.com/exclucitylife/,19852
364,MANTRA,Musician/Band,,,117081528327090,https://www.facebook.com/Mantraband/,415
365,DDP YOGA,Product/Service,[social@ddpyoga.com],https://ddpy.co/2zmddcz,172043929551038,https://www.facebook.com/DDPYOGA/,662058
366,Upkeepyoga,Product/Service,[support@upkeepyoga.com],http://www.upkeepyoga.com,999754133475919,https://www.facebook.com/upkeepyoga/,488124
367,Bulova,Jewelry/Watches,,http://www.bulova.com,115248905216701,https://www.facebook.com/Bulova/,427884
368,JLab Audio,Electronics Company,[findyourgo@jlabaudio.com],http://www.jlabaudio.com,19529413742,https://www.facebook.com/jlabaudio/,20172
369,Mobicity,Computer Company,[contato@mobi-city.net],http://www.mobicity.com.br,1652000078372315,https://www.facebook.com/Mobicity/,999
370,BlackboxMyCar.com,Electronics Store,[info@blackboxmycar.com],https://www.blackboxmycar.com,173379156112822,https://www.facebook.com/Blackboxmycar/,8629
371,Blackstone Labs,Vitamin Supplement Shop,[cs@blackstonelabs.com],http://blackstonelabs.com,472147796166982,https://www.facebook.com/BlackstoneLabs/,153966
372,Knixwear,Fashion Designer,[customer-service@knixwear.com],www.knixwear.com,527360740614022,https://www.facebook.com/KnixWear/,53335
373,Tanner Goods,Clothing Store,[service@tannergoods.com],http://www.tannergoods.com/,342055062480611,https://www.facebook.com/TannerGoods/,14739
374,Miracle Noodle,Shopping & Retail,[miraclenoodle@gmail.com],http://www.miraclenoodle.com,107569582644864,https://www.facebook.com/MiracleNoodle/,103761
375,Blue Flash,Website,,http://www.blueflashofficial.com,338207183245355,https://www.facebook.com/BlueFlashOfficial/,91824
376,SeedsNow,Company,,www.seedsnow.com,195859990454155,https://www.facebook.com/SeedsNow/,73169
377,Freetronics,Shopping & Retail,[support@freetronics.com],http://www.freetronics.com.au/,748464068498557,https://www.facebook.com/freetronics/,1995
378,RGG EDU,Photographer,[support@rggedu.com],http://www.rggedu.com,557743244344749,https://www.facebook.com/rggedu/,75869
379,Frankies Bikinis,Swimwear Store,,http://frankiesbikinis.com,299075393533219,https://www.facebook.com/FrankiesBikinis/,20325
380,LetsGrabNow,Business Center,[info@letsgrabnow.com],https://www.letsgrabnow.com/,1.57588E+15,https://www.facebook.com/letsgrabnow/,27829
381,Impresoras 3D,Consulting Agency,[gabrielsc@fibertel.com.ar],,395501297126536,https://www.facebook.com/Impresoras3d/,3264
382,HoverKicks,Clothing (Brand),,http://www.hoverkicks.com,539491119551613,https://www.facebook.com/hoverkicks/,13347
383,BlenderBottle,Product/Service,[customerservice@blenderbottle.com],http://www.blenderbottle.com,313534888720912,https://www.facebook.com/blenderbottle/,339007
384,Kix-Files,Sporting Goods Store,,http://store.kix-files.com,159685350739465,https://www.facebook.com/kixfiles/,152673
385,ProofreadingServices.com,Consulting Agency,[info@proofreadingservices.com],http://www.ProofreadingServices.com,151919874885709,https://www.facebook.com/ProofreadingServices/,49884
386,Arctic Fox Hair Color,Health/Beauty,[support@arcticfoxusa.com],http://www.ArcticFoxHairColor.com,1460862990818954,https://www.facebook.com/ArcticFoxHairColor/,850788
387,NOHOW,Clothing (Brand),[support@nohowstyle.com],https://www.nohowstyle.com,424971104301564,https://www.facebook.com/nohowstyle/,347218
388,Wolfnoir,Clothing (Brand),,http://wolfnoir.com,631177153629511,https://www.facebook.com/wolfnoir/,870872
389,Declan + Crew,Women's Clothing Store,[hello@declanandcrew.com],http://declanandcrew.com,825985767424860,https://www.facebook.com/declanandcrew/,43488
390,Raised x Wolves,Musician/Band,,http://raisedxwolves.com,607511805967529,https://www.facebook.com/RaisedbyWolves/,494
391,Tree Hut,"Beauty, Cosmetic & Personal Care",[naterraservice@naterra.com],http://www.treehutshea.com,79678831805,https://www.facebook.com/TreeHut/,220517
392,"Umarex USA, Inc.",Sports & Recreation,[info@umarexusa.com],www.UmarexUSA.com,457338971004357,https://www.facebook.com/UmarexUSA/,13619
393,Tomorrowstuff,Clothing (Brand),,http://kasutterlajakmurah.com,1787441034852999,https://www.facebook.com/tomorrowstuff/,89
394,Wish Atlanta,Boutique Store,[info@wishatl.com],http://wishatl.com,228062923903113,https://www.facebook.com/WishATL/,10409
395,Heart Rate Monitors USA,Shopping & Retail,[sales@hrmusainc.com],http://heartratemonitorsusa.com/ EBAY: http://stores.ebay.com/Heart-Rate-Monitors-USA http://blog.heartratemonitorsusa.com/ http://twitter.com/HRM_USA,36586465442,https://www.facebook.com/HeartRateMonitorsUSA/,31801
396,FCPeffects,Website,,http://www.FCPeffects.com,207608259289737,https://www.facebook.com/fcpeffects/,1994
397,Babocush,Baby Goods/Kids Goods,[info@babocush.com],http://www.babocush.com,1552132768409741,https://www.facebook.com/babocush/,166604
398,Cairn,Product/Service,,http://www.getcairn.com,171681863041677,https://www.facebook.com/getcairn/,125447
399,Herbivore Botanicals,Health/Beauty,[info@herbivorebotanicals.com],www.herbivorebotanicals.com,243122989031415,https://www.facebook.com/herbivorebotanicals/,16863
400,Baron Fig,Product/Service,,http://baronfig.com,145677098949529,https://www.facebook.com/baronfig/,9880
401,Tactical Distributors,Website,[info@tacticaldistributors.com],www.TacticalDistributors.com,109783052381466,https://www.facebook.com/TacticalDistributors/,86574
402,Iron & Resin,Clothing (Brand),,www.ironandresin.com,179531478783095,https://www.facebook.com/IronandResin/,40900
403,Hypland Worldwide,Shopping & Retail,[customerservice@hypland.com],www.hypland.com,229812673783917,https://www.facebook.com/hypland/,26493
404,Al Flaherty's Outdoor Store,Gun Store,[info@alflahertys.com],http://www.alflahertys.com,277951017435,https://www.facebook.com/AlFlahertys/,2248
405,Radha Beauty,Health/Beauty,[support@radhabeauty.com],http://radhabeauty.com,932990183408648,https://www.facebook.com/radhabeauty/,70403
406,Truth Nutraceuticals,Vitamins/Supplements,[help@truthnutra.com],https://www.truthnutra.com,1110497222348698,https://www.facebook.com/truthnutra/,46298
407,Ready Set Decor,Website,,http://www.readysetdecor.com,1114591298599962,https://www.facebook.com/ReadySetDecor/,201845
408,Military Hippie,Clothing (Brand),[info@militaryhippie.com],http://www.militaryhippie.com,763993077038815,https://www.facebook.com/militaryhippie/,194555
409,Premier Skate,Skate Shop,[info@thepremierstore.com],www.thepremierstore.com,233021996762657,https://www.facebook.com/thepremierstore/,10648
410,"Hibdon Hardwood, Inc.",Musical Instrument Store,[info@hibdonhardwood.com],http://www.hibdonhardwood.com,1448977092028521,https://www.facebook.com/hibdonhardwood/,3073
411,Bratleboro,Company,[contact@bratleboro.com],http://www.bratleboro.com,491109377646564,https://www.facebook.com/bratleboro/,247137
412,Danish Design Store,Furniture,,www.danishdesignstore.com,152734958113362,https://www.facebook.com/danishdesignstore/,13050
413,Qtrove.com - Marketplace for Curated & Handmade products,Website,[wecare@qtrove.com],https://www.qtrove.com/,1553161474981621,https://www.facebook.com/qtrove/,52345
414,1 Up Nutrition,Vitamins/Supplements,,http://www.1UpNutrition.com,570328476415065,https://www.facebook.com/1UpNutrition/,354240
415,Russell Athletic,Product/Service,,http://www.RussellAthletic.com,133327776725285,https://www.facebook.com/RussellAthletic/,76684
416,Micro Motor Warehouse,Electronics Store,[info@micro-motor-warehouse.com],http://micro-motor-warehouse.com,714451561919957,https://www.facebook.com/MicroMotorWarehouse/,3032
417,Heroine Legends,Fictional Character,,,1766311386915889,https://www.facebook.com/TheSuperheroines/,18
418,Love Jewelry,Jewelry/Watches,,,184354745319879,https://www.facebook.com/GeMiJewels/,47
419,Chowdaheadz,Website,[help@chowdaheadz.com],www.chowdaheadz.com,92942188037,https://www.facebook.com/chowdaheadz/,168385
420,Sleefs.com,Clothing (Brand),[info@sleefs.com],http://sleefs.com,250667518302678,https://www.facebook.com/sleefs/,133179
421,SkyStream,Product/Service,[info@skystreamx.com],http://www.skystreamx.com,656414321058752,https://www.facebook.com/skystreamx/,46433
422,Modern Producers,Music Production Studio,[distribution@modernproducers.com],http://www.ModernProducers.com,417190901663094,https://www.facebook.com/Modernproducers/,24428
423,Newbeedrone,Aerospace Company,[info@newbeedrone.com],http://www.newbeedrone.com,775406289232411,https://www.facebook.com/newbeedrone/,3775
424,Planet of The Vapes UK Vaping Forum,Advertising Agency,,http://www.planetofthevapes.co.uk,159582777510385,https://www.facebook.com/PlanetOfTheVapes/,9248
425,Koala,Furniture,[support@koala.com],koala.com,429062340587083,https://www.facebook.com/koala/,83199
426,Needful Things,Shopping & Retail,,,805977259540267,https://www.facebook.com/armorsuit/,1
427,Inked Gaming,Public Figure,,https://www.youtube.com/channel/UCL5S7fxxI0L-d0FcPX3OBKA,966827126694111,https://www.facebook.com/InkedGaming/,42
428,The Elephant Pants,Retail Company,[ellie@theelephantpants.com],bit.ly/tepfb,246753382198434,https://www.facebook.com/TheElephantPants/,265224
429,310 Nutrition,Health/Beauty,[support@310nutrition.com],www.310nutrition.com,137710226377925,https://www.facebook.com/310Nutrition/,530014
430,SkyMall,Shopping Mall,[customerservice@skymall.com],http://www.skymall.com,67443103870,https://www.facebook.com/SkyMall/,125012
431,AfterShokz,Electronics,[hello@aftershokz.com],http://www.aftershokz.com/,185699164848425,https://www.facebook.com/AfterShokz/,27650
432,AtmosFX,Arts & Entertainment,[support@atmosfx.com],http://atmosfx.com,472639302799726,https://www.facebook.com/Atmosfx/,109861
433,Battery Bro,Energy Company,[support@batterybro.com],https://batterybro.com,913377632040141,https://www.facebook.com/batterybro/,570
434,mizzue,Bags/Luggage,,http://www.mizzue.com,422247497795433,https://www.facebook.com/mizzue/,915876
435,BurkeDecor.com,Home & Garden Website,,www.burkedecor.com,108723050814,https://www.facebook.com/BurkeDecor/,40804
436,天梯书店,Community,,,326772694046573,https://www.facebook.com/tiantibooks/,90
437,CityGrounds coffee bar,Coffee Shop,[info@citygroundschicago.com],CityGroundsChicago.com,110242075690462,https://www.facebook.com/CityGrounds/,822
438,Charmed Aroma,Home Decor,[info@charmedaroma.com],http://www.CharmedAroma.com,260189510813687,https://www.facebook.com/charmedaroma/,790633
439,ONEdigitals UK,Retail Company,[cs@onedigitals.co.uk],https://onedigitals.co.uk,1057810574250232,https://www.facebook.com/ONEdigitals/,2607
440,Suprella Pro esernyő,Tools/Equipment,,,359385617744064,https://www.facebook.com/suprellapro/,53
441,PropShop24,Website,[hey@propshop24.com],http://www.propshop24.com,402925339732408,https://www.facebook.com/PropShop24/,265614
442,IMenApparel,Clothing (Brand),[info@imenapparel.com],http://www.imenapparel.com,147017845705148,https://www.facebook.com/imenapparel/,145111
443,Tinyyo,Health/Beauty,[victor@tinyyo.com],www.tinyyo.com,322964124744463,https://www.facebook.com/Tinyyo/,22
444,Hodgetwins,Comedian,,http://Www.hodgetwinstour.com,118463962099052,https://www.facebook.com/officialhodgetwins/,5017
445,Knockaround Sunglasses,Sunglasses & Eyewear Store,[info@knockaround.com],https://knockaround.com/,8222516131,https://www.facebook.com/knockaround/,400038
446,Mindy Mae's Market,Accessories,[mindymaesmarket@gmail.com],http://www.mindymaesmarket.com,113328075109,https://www.facebook.com/MindyMaesMarket/,91764
447,Brentwood  Homes,Local Service,[jalbright@interodb.com],http://www.ellenalbright.com,284349288563347,https://www.facebook.com/Brentwoodhome/,25
448,ZooShoo,Clothing (Brand),[service@zooshoo.com],http://www.zooshoo.com,125990241464,https://www.facebook.com/ZooShoo/,114655
449,AntLion Audio,Electronics,,www.modmic.com,300900449935402,https://www.facebook.com/AntlionAudio/,5001
450,Design Aglow,Local Business,,www.designaglow.com,100326373364376,https://www.facebook.com/designaglow/,53344
451,Lighting Connection,Lighting Store,[customerservice@lightingconnection.com],http://www.lightingconnection.com,494614557308651,https://www.facebook.com/lightingconnection/,3344
452,Printed Village,Website,[jason@printedvillage.com],http://PrintedVillage.com,632443956816806,https://www.facebook.com/PrintedVillage/,34375
453,Nomad Surf Shop,Sporting Goods Store,,http://nomadsurf1968.com,1477849835803489,https://www.facebook.com/nomad.shop/,8546
454,Moon Juice,Health/Beauty,[hi@moonjuice.com],www.moonjuice.com,223389531083294,https://www.facebook.com/MoonJuiceShop/,30913
455,Strathberry,Bags/Luggage,[info@strathberry.com],http://www.strathberry.com,185648284950716,https://www.facebook.com/Strathberry/,26642
456,Lab Star Beauty,Cosmetics Store,[sales@labstarbeauty.com],http://labstarbeauty.com.hk,332080826999051,https://www.facebook.com/Labstarbeauty/,17349
457,Holstee,Product/Service,[hello@holstee.com],http://www.holstee.com/,24995763553,https://www.facebook.com/holstee/,63555
458,Stargaze Jewelry,Jewelry/Watches,[contact@stargazejewelry.com],http://stargazejewelry.com,864989536855464,https://www.facebook.com/stargazejewelry/,3833
459,Billowby,Business Service,[support@billowby.com],https://billowby.com,1388372588068441,https://www.facebook.com/billowby/,3735
460,Hobby Heart,Apparel & Clothing,,https://www.hobbyheart.com,1471774882916362,https://www.facebook.com/animedakimakurapillow/,3284
461,BulbAmerica.com,Hardware Store,[info@bulbamerica.com],www.BulbAmerica.com,301586156807,https://www.facebook.com/bulbamerica/,47977
462,Reshoevn8r,Product/Service,[info@reshoevn8r.com],http://www.reshoevn8r.com,163063823739876,https://www.facebook.com/Reshoevn8r/,354225
463,Dime Mtl,Company,[contact@dimemtl.com],http://dimemtl.com/,146654402175233,https://www.facebook.com/dimemtl/,19705
464,Seeds for Africa,Company,[seeds@seedsforafrica.co.za],http://www.seedsforafrica.co.za,1375928579361716,https://www.facebook.com/seedsforafrica/,4279
465,Fabric Wholesale Direct,Fabric Store,[support@fabricwholesaledirect.com],http://www.FabricWholesaleDirect.com,1560259234261084,https://www.facebook.com/fabricwholesaledirect/,16451
466,TruWood,Jewelry/Watches,[info@mytruwood.com],http://mytruwood.com,962433327137363,https://www.facebook.com/mytruwood/,48408
467,Bored Teachers,Media/News Company,[info@boredteachers.com],http://BoredTeachers.com,1115616568456201,https://www.facebook.com/boredteachers/,1036107
468,ambsn,Shopping & Retail,,http://www.ambsn.com,86695391721,https://www.facebook.com/ambsn/,2857
469,Loot Lane,Website,[contact@lootlane.com],https://www.lootlane.com/,136416286764316,https://www.facebook.com/LootLane/,312436
470,OPSGEAR,Retail Company,[support@opsgear.com],http://www.opsgear.com,28443417233,https://www.facebook.com/OPSGEAR/,172746
471,Beastgrip,Photography Videography,[info@beastgrip.com],https://www.beastgrip.com,108932239301103,https://www.facebook.com/Beastgrip/,7772
472,Threads King,Company,,http://threadsking.com,344557219215290,https://www.facebook.com/threadsking/,120170
473,Lost & Found,Men's Clothing Store,[info@shoplostfound.com],https://shoplostfound.com,115033781901748,https://www.facebook.com/shoplostfound/,2453
474,Feminist Apparel,Clothing (Brand),,http://feministapparel.com,147698828729567,https://www.facebook.com/FeministApparel/,221723
475,Epic Deal Shop,Jewelry/Watches,,http://www.epicdealshop.com,1.66136E+15,https://www.facebook.com/epicdealshop/,62193
476,Special Design Jewelry,Jewelry/Watches,,http://specialdesignjewelry.com,865026126947608,https://www.facebook.com/specialdesignjewelry/,3378
477,Rocka Nutrition,Vitamins/Supplements,[info@rockanutrition.de],http://www.rockanutrition.de,1477142839234357,https://www.facebook.com/rockanutrition/,110804
478,Amour Vert,Clothing (Brand),,https://www.amourvert.com,100919126628854,https://www.facebook.com/AmourVert/,43035
479,KITH,Footwear Store,,www.kith.com,121342834633255,https://www.facebook.com/Kithnyc/,117583
480,Tribe Sports,Product/Service,[hello@tribesports.com],https://tribesports.com,119899971399874,https://www.facebook.com/Tribesports/,107724
481,FanPrint,E-commerce Website,[contactus@fanprint.com],http://www.FanPrint.com,461431677220095,https://www.facebook.com/fanprint/,61127
482,Master & Dynamic,Electronics,,http://www.masterdynamic.com,626208174105574,https://www.facebook.com/masterdynamic/,14848
483,Freshly Picked,Baby Goods/Kids Goods,,http://freshlypicked.com,163568460363631,https://www.facebook.com/freshlypicked/,422713
484,Lighter USA,E-Cigarette Store,[email@lighterusa.com],www.lighterusa.com,221045837935604,https://www.facebook.com/lighterusa/,5576
485,Brand House Direct,Retail Company,[info@brandhousedirect.com.au],www.brandhousedirect.com.au,242997605763121,https://www.facebook.com/brandhousedirect/,33659
486,The Luxe Lens,Internet Company,[info@theluxelens.com],http://theluxelens.com,315851178796591,https://www.facebook.com/theluxelens/,119220
487,Bicycle Warehouse,Outdoor & Sporting Goods Company,[debbe@bicyclewarehouse.com],www.BicycleWarehouse.com,296057719747,https://www.facebook.com/BicycleWarehouse/,17849
488,Originative,Shopping & Retail,[contact@originativeco.com],www.originativeco.com,270714393051470,https://www.facebook.com/Originativeco/,2065
489,ONEdigitals UK,Retail Company,[cs@onedigitals.co.uk],https://onedigitals.co.uk,1057810574250232,https://www.facebook.com/ONEdigitals/,2607
490,State Bicycle Co.,Product/Service,,http://www.StateBicycle.com,107140082654884,https://www.facebook.com/StateBicycle/,483010
491,Go Green Solar,Solar Energy Company,[info@gogreensolar.com],http://www.gogreensolar.com,174762734716,https://www.facebook.com/gogreensolar/,9283
492,Backdrop Outlet,Product/Service,[cs@backdropoutlet.com],http://www.backdropoutlet.com,96158177552,https://www.facebook.com/BackdropOutlet/,342517
493,This Is Ground,Bags/Luggage,[eli@thisisground.com],http://thisisground.com,181998908600064,https://www.facebook.com/ThisIsGround/,18365
494,WANTMYLOOK,Clothing (Brand),[support@wantmylook.com],http://www.WantMyLook.com,329533660508859,https://www.facebook.com/WantMyLook/,125747
495,Filly Flair,Women's Clothing Store,[support@fillyflair.com],www.fillyflair.com,225008896283,https://www.facebook.com/fillyflair/,1061262
496,Chasecent,Website,[support@chasecent.com],http://www.chasecent.com,1826718054266488,https://www.facebook.com/chasecent/,71408
497,Riot Society,Community,,,275298965836215,https://www.facebook.com/riotsociety/,815
498,The Sufferfest: Complete Training for Cyclists and Triathletes,Sports & Fitness Instruction,[theminions@thesufferfest.com],http://www.thesufferfest.com,79774636996,https://www.facebook.com/TheSufferfest/,133048
499,Iconic London,Health/Beauty,[info@iconiclondoninc.co.uk],http://www.iconiclondoninc.com,1587662884849743,https://www.facebook.com/iconiclondoninc/,55442
500,Dawn Colour Studio in Credo Beauty,Professional Service,,,348229811929994,https://www.facebook.com/CredoBeauty/,49
501,BACtrack,Shopping & Retail,[info@bactrack.com],http://www.bactrack.com,209066575475,https://www.facebook.com/BACtrack/,19779
502,Pink Dolphin,Clothing (Brand),,www.pinkdolphinonline.com,175909799387,https://www.facebook.com/pinkdolphinonline/,92803
503,MaddenMascot,Company,[support@maddenmascot.com],https://maddenmascot.com,1710671759232677,https://www.facebook.com/MaddenMascot/,17
504,PINTRILL,Community,[pintrill@gmail.com],http://www.pintrill.com,661644803889059,https://www.facebook.com/PINTRILL/,7827
505,KappaCrew,Men's Clothing Store,[support@kappacrew.com],http://www.kappacrew.com,509232005939361,https://www.facebook.com/KappaCrew/,48196
506,Mighty Car Mods,TV Show,,http://www.mightycarmods.com/,146030415553,https://www.facebook.com/mightycarmods/,1184867
507,Princeton Watches,Jewelry/Watches,[sales@princetonwatches.com],http://www.princetonwatches.com,126250471020,https://www.facebook.com/PrincetonWatches/,7340
508,Dronefly,Company,[contact@dronefly.com],http://www.dronefly.com,357713791009121,https://www.facebook.com/Dronefly/,52481
509,USAMM,Apparel Distributor,[facebook@usamm.com],http://www.usamilitarymedals.com,333844615863,https://www.facebook.com/USAMilitaryMedals/,277557
510,Schoolhouse Electric & Supply Co.,Lighting Store,[customerservice@schoolhouse.com],http://www.schoolhouseelectric.com,70586546428,https://www.facebook.com/SchoolhouseElectric/,27642
511,Walls Need Love,Home Decor,[support@wallsneedlove.com],https://wallsneedlove.com/,132001770210249,https://www.facebook.com/WallsNeedLove/,10956
512,Fuggin Vapor Co.,Retail Company,[support@fugginvapor.com],http://fugginvapor.com,385387231656657,https://www.facebook.com/fugginvapor/,8691
513,RINGLY,Jewelry/Watches,,https://Ringly.com,502567626509277,https://www.facebook.com/Ringly/,49428
514,Kizrey ART of MAGIC,Public Figure,,http://kizreyartofmagic.com,1248472181865283,https://www.facebook.com/ARTOFMAGIC/,31
515,Chirps Chips,Food & Beverage Company,[hello@chirpschips.com],http://www.chirpschips.com,467777176662518,https://www.facebook.com/chirpschips/,4824
516,Laird Superfood,Food & Beverage Company,[support@lairdsuperfood.com],http://www.lairdsuperfood.com,1495383094086931,https://www.facebook.com/lairdsuperfood/,32982
517,Khazanay,Shopping Service,,http://www.khazanay.pk,173862866281093,https://www.facebook.com/khazanay/,102833
518,Watch Outfitters,Jewelry/Watches,[help@watchoutfitters.com],http://www.watchoutfitters.com,660350067436786,https://www.facebook.com/watchoutfitters/,37599
519,Macmerise,Product/Service,,http://www.macmerise.com,306276086146578,https://www.facebook.com/macmerise/,287600
520,MyMobile Gear,Electronics,[support@mymobile-gear.com],https://mymobile-gear.com,969670699827249,https://www.facebook.com/mymobilegear/,320674
521,Crown Jewelry,Jewelry & Watches Store,[crownjewelry@swoi.net],www.crownjewelryofaltus.com,190751107822,https://www.facebook.com/CrownJewelry/,1308
522,Geekery,Artist,[g33kery@gmail.com],http://www.geekery.es,538351859540132,https://www.facebook.com/g33kery/,288
523,Pacifica,Health/Beauty,[customerservice@pacificabeauty.com],http://www.pacificabeauty.com,271432701360,https://www.facebook.com/PacificaBeauty/,130925
524,Orchard Corset,Shopping & Retail,[info@orchardcorset.com],http://www.orchardcorset.com,334929280007,https://www.facebook.com/orchardcorset/,90039
525,Rock City Kicks,Retail Company,[rockcitystaff@gmail.com],http://rockcitykicks.com,62729531600,https://www.facebook.com/rockcitykicks/,40319
526,iTokri.com,Shopping Service,[helloji@itokri.com],https://www.itokri.com/,138212119589821,https://www.facebook.com/itokri/,134785
527,Frankie Collective,Clothing (Brand),,http://frankiecollective.com,685767004799492,https://www.facebook.com/frankiecollective/,15280
528,TXDXE Merchandise,Clothing (Brand),,https://txdxe.com,1991020267797625,https://www.facebook.com/txdxe/,473
529,Led Grow Lights Depot,Patio/Garden,[info@ledgrowlightsdepot.com],https://www.ledgrowlightsdepot.com/collections/led-grow-lights,1500459476844264,https://www.facebook.com/ledgrowlightsdepot/,2532
530,Paracable,Electronics,,http://paracable.com,131044277088263,https://www.facebook.com/Paracable/,77319
531,GPEL,Retail Company,[support@gpelstore.com],http://www.gpelstore.com,1590170347922418,https://www.facebook.com/GPELstore/,323
532,Royal Design Studio,Printing Service,,,770090809777087,https://www.facebook.com/royaldesignstudio/,314
533,Apt2B,Retail Company,[contact@apt2b.com],http://www.apt2b.com/,157385464285645,https://www.facebook.com/Apt2B/,37849
534,Athletic Greens,Nutritionist,[support@athleticgreens.com],https://athleticgreens.com,183869772601,https://www.facebook.com/AthleticGreens/,191423
535,Prepd,Product/Service,[hello@getprepd.com],http://getprepd.com,1459679564337236,https://www.facebook.com/GetPrepd/,9827
536,Impressions Online Boutique,Personal Blog,[hello@shopimpressions.com],http://shopimpressions.com,145008682233269,https://www.facebook.com/Shopimpressions/,467212
537,Mollusk Surf Shop,Community,[info@mollusksurfshop.com],http://mollusksurfshop.com/,108783779187132,https://www.facebook.com/mollusksurfshop/,15912
538,T.U.K.,Product/Service,,www.tukshoes.com,41499114815,https://www.facebook.com/tukshoes/,5591
539,Homesick Candles,Home Decor,,https://homesickcandles.com,1676604195884951,https://www.facebook.com/homesickcandles/,102653
540,Ready Set Deals,Website,,http://readysetdeals.com,1049202088489503,https://www.facebook.com/readysetdeals/,11034
541,Eluxury,Home Goods Store,[service@eluxury.com],https://www.eluxury.com,171439636385902,https://www.facebook.com/eluxurysupply/,9326
542,Staple Pigeon,Company,[marcus@staplepigeon.com],http://staplepigeon.com,209247848291,https://www.facebook.com/staplepigeon/,34556
543,Swag By Milo,Apparel & Clothing,[milo@breitbart.com],www.swagbymilo.com,173913356434810,https://www.facebook.com/SwagByMilo/,21
544,Treat A Dog,Retail Company,[support@treatadog.com],http://www.treatadog.com,1.43257E+15,https://www.facebook.com/treatadog/,156828
545,ContraBand Shop,Vintage Store,[contrabandshop@gmail.com],,1553890444679448,https://www.facebook.com/cntrbndshop/,285
546,Spartan ProGear Co.,Outdoor & Sporting Goods Company,[contact@spartanprogear.com],https://spartanprogear.com/,332385686807202,https://www.facebook.com/SpartanProGear/,39616
547,Beloved Shirts,Clothing (Brand),,http://belovedshirts.com,371381279615898,https://www.facebook.com/BelovedShirts/,253940
548,Kwikcharger LLC,Business Service,,http://www.kwikchargers.com/,1755939614634755,https://www.facebook.com/KwikCharger/,149
549,Straydeal,Website,,http://www.straydeal.com,1805366219744923,https://www.facebook.com/Straydeal/,1183
550,Unicórnio,Artist,[atendimento@ounicornio.com],www.ounicornio.com,263683180632450,https://www.facebook.com/oUnicornio/,1138398
551,pictureline inc.,Camera Store,,http://www.pictureline.com,28861182380,https://www.facebook.com/pictureline/,188263
552,Airsoft Atlanta,Outdoor Equipment Store,,www.airsoftatlanta.com,124023375786,https://www.facebook.com/airsoftatlanta/,65752
553,Bluelounge,Product/Service,,www.bluelounge.com,17332069918,https://www.facebook.com/Bluelounge/,14170
554,Anita Hass,Women's Clothing Store,[customercare@anitahass.com],http://www.anitahass.com,103310137019,https://www.facebook.com/anitahass/,11248
555,Capsule,Footwear Store,[info@c-apsule.com],http://www.capsuletoronto.com,45036034460,https://www.facebook.com/CapsuleToronto/,2276
556,Happy Satchels,Product/Service,[support@happysatchels.com],,385710568451113,https://www.facebook.com/HappySatchels/,99145
557,Cupidrop,Health/Beauty,[info@beauteers.com],http://www.cupidrop.com,919749128055664,https://www.facebook.com/cupidrop/,1866
558,80% Arms Inc.,Tools/Equipment,[sales@80percentarms.com],http://www.80percentarms.com,160669317476042,https://www.facebook.com/80percentarms/,18907
559,AWAIR,Electronics,,https://www.getawair.com,1000549516622843,https://www.facebook.com/getawair/,13877
560,Car Dash Cam Pro,Company,[info@cardashcampro.com],https://www.cardashcampro.com/,606688256163914,https://www.facebook.com/CarDashCamPro/,26392
561,Timeless Store,Shopping & Retail,,https://thetimeless-store.com/,292034927807015,https://www.facebook.com/TheTimeless.Store/,161191
562,Playboy Shop,Retail Company,,http://www.playboyshop.com,1512031715766836,https://www.facebook.com/Playboyshop/,1414
563,Nine West,Retail Company,,http://www.ninewest.com/,60118989331,https://www.facebook.com/ninewest/,1464734
564,Country Club Prep,Clothing (Brand),,www.countryclubprep.com,357736447586277,https://www.facebook.com/CountryClubPrep/,87592
565,Patagonia Provisions,Food & Beverage Company,[marketing@patagoniaprovisions.com],http://www.patagoniaprovisions.com,512941008742734,https://www.facebook.com/PatagoniaProvisions/,16158
566,Veestro,Food & Beverage,[info@veestro.com],http://www.veestro.com,258521077615598,https://www.facebook.com/veestro/,75957
567,West Coast Vape Supply,Business & Economy Website,[info@westcoastvapesupply.com],http://www.westcoastvapesupply.com/,288416888177661,https://www.facebook.com/westcoastvapesupply/,8941
568,Steampunk Utopia,Website,[support@steampunkutopia.com],http://steampunkutopia.com,1484815071822284,https://www.facebook.com/SteampunkUtopia/,102614
569,CO2Meter.com,Commercial & Industrial,[info@co2meter.com],http://www.co2meter.com,383120915046820,https://www.facebook.com/CO2Meter/,222
570,UI Stencils,Product/Service,,uistencils.com,186444708038527,https://www.facebook.com/uistencils/,4541
571,GoTenna Arkansas,Electronics,,,140502629942788,https://www.facebook.com/GoTenna/,2
572,PowerUp,Games/Toys,,http://www.poweruptoys.com/,409362999085989,https://www.facebook.com/Poweruptoys/,22350
573,Fresher Feels,Health/Beauty,[hello@pureblackmask.com],http://pureblackmask.com,735661306614987,https://www.facebook.com/pureblackmask/,38326
574,Taft,Retail Company,[support@taftclothing.com],http://TaftClothing.com,148938158639821,https://www.facebook.com/taftclothing/,112850
575,Fit Tea,Food & Beverage Company,,http://www.fittea.com,113733178829013,https://www.facebook.com/Fittea/,752828
576,USA Gundam Store,Retail Company,,http://www.usagundamstore.com,606775552791135,https://www.facebook.com/USAGundamStore/,11377
577,Ritual,Health/Beauty,[my@ritual.com],http://ritu.al/go,706979406105651,https://www.facebook.com/ritual/,60298
578,Distil Union,Product/Service,[heyhey@distilunion.com],http://distilunion.com,429447447096146,https://www.facebook.com/DistilUnion/,9054
579,View Your Deal,Website,,http://www.viewyourdeal.com,507096096115105,https://www.facebook.com/ViewYourDeal/,27650
580,Blanc Store,Outlet Store,,http://instagram.com/gblanc_,573295752829622,https://www.facebook.com/blancgroup/,7
581,Man Outfitters,Clothing (Brand),,http://manoutfitters.com/,333111170210055,https://www.facebook.com/ManOutfitters/,38188
582,Modern Burlap,Shopping & Retail,[hello@modernburlap.com],http://www.modernburlap.com,729200347147671,https://www.facebook.com/modernburlap/,38929
583,The Mercantile,Pub,[bookings@mercantile.ie],http://www.mercantile.ie,122001231167137,https://www.facebook.com/themercantile/,17365
584,Kopari Beauty,Beauty/Cosmetics Company,[aloha@koparibeauty.com],http://www.koparibeauty.com,330232410501881,https://www.facebook.com/koparibeauty/,160412
585,Inkkas,Clothing (Brand),[support@inkkas.com],http://inkkas.com,416161551759005,https://www.facebook.com/Inkkas/,221586
586,Drones Etc.,Electronics,[support@dronesetc.com],http://dronesetc.com,551692551573886,https://www.facebook.com/dronesetc/,14069
587,Beauty Center,Health/Beauty,,http://beautycenter.siterubix.com/,657840491054387,https://www.facebook.com/discountbeautycenter/,12
588,Ride Genesis,Outdoor & Sporting Goods Company,[customerservice@ridegenesis.com],https://ridegenesis.com/,1.77108E+15,https://www.facebook.com/RideGenesis/,3938
589,Fonesalesman,Phone/Tablet,,http://fonesalesman.com,110411825835718,https://www.facebook.com/Fonesalesman/,1938
590,VENUS ET FLEUR,Product/Service,[info@venusetfleur.com],http://www.venusetfleur.com,431043090388419,https://www.facebook.com/VenusETFleur/,66121
591,Vape Street,Product/Service,,,1890267837967418,https://www.facebook.com/vapestreet/,86
592,Z PALETTE,Makeup Artist,[cs@zpalette.com],WWW.ZPALETTE.COM,142061858441,https://www.facebook.com/zpalette/,38284
593,Killion,Clothing (Brand),,http://www.killionest.com,135620186664,https://www.facebook.com/killionest/,8353
594,Ably,Clothing (Brand),,http://ablyapparel.com,888606207903206,https://www.facebook.com/ablyapparel/,9264
595,Urban EDC Supply,Website,[hi@urbanedcsupply.com],http://urbanedcsupply.com,1671657506400229,https://www.facebook.com/urbanedcsupply/,52882
596,AYR,Clothing (Brand),,http://www.ayr.com,158744824330263,https://www.facebook.com/ayr/,8305
597,"Raise3D, Inc.",Computer Company,[inquiry@raise3d.com],http://www.raise3d.com,832625316855930,https://www.facebook.com/raise3d/,3248
598,TomboyX,Retail Company,[info@tomboyexchange.com],http://www.tomboyx.com,503798896331547,https://www.facebook.com/tomboyx/,166445
599,Colorit,Home Improvement,[office@colorit.co.nz],colorit.co.nz,120793687948001,https://www.facebook.com/colorit/,252
600,Albion Fitness Center,Gym/Physical Fitness Center,,,202026833216622,https://www.facebook.com/AlbionFit/,718
601,The Trendz Venue,Clothing Store,[contact@trendvenue.com],http://WWW.THETRENDZVENUE.COM,1604196176470996,https://www.facebook.com/thetrendzvenue/,368121
602,AlpacaDirect.com,Retail Company,[info@alpacadirect.com],www.AlpacaDirect.com,6135258634,https://www.facebook.com/AlpacaDirect/,51814
603,Soficoastal,Clothing (Brand),,,1136942513021734,https://www.facebook.com/soficoastal/,3177
604,Electric Planet,Cause,[info@electric-planet.de],http://www.electric-planet.de,264751016965487,https://www.facebook.com/ElectricPlanet2.0/,1934
605,The Frenchie Co.,Clothing (Brand),,http://www.thefrenchie.co,1.62172E+15,https://www.facebook.com/thefrenchieco/,196877
606,Joey Sturgis Tones,Software,,https://joeysturgistones.com/,189141517939649,https://www.facebook.com/joeysturgistones/,45684
607,CountyComm,Government Organization,[mike@countycomm.com],http://www.countycomm.com/,1420686678184835,https://www.facebook.com/CountyComm/,10343
608,Blipshift,Clothing (Brand),,http://blipshift.com,284480248314957,https://www.facebook.com/Blipshift/,72666
609,LuxeDH,Accessories,[cs@luxedh.com],http://www.luxedh.com,132069313475317,https://www.facebook.com/luxedh/,19556
610,Naiise,Collectibles Store,[wecare@naiise.com],www.naiise.com,411711732209851,https://www.facebook.com/naiise/,24147
611,The G Streets,Arts & Entertainment,[thegstreets@hotmail.com],www.thegstreets.com,108254025922651,https://www.facebook.com/thegstreet/,1199
612,gravitypope,Shopping & Retail,[info@gravitypope.com],http://www.gravitypope.com,24333939304,https://www.facebook.com/gravitypope/,5805
613,Gelaskins,Accessories,[contact@gelaskins.com],http://www.gelaskins.com,1361553013861534,https://www.facebook.com/Gelaskins/,3829
614,Buy Legal Meds,Vitamins/Supplements,,http://BuyLegalMeds.com,894221873986047,https://www.facebook.com/BuyLegalMeds/,286
615,Evolve Skateboards USA,Shopping & Retail,[info@evolveskateboardsusa.com],http://www.evolveskateboardsusa.com,476879055716266,https://www.facebook.com/EvolveSkateboardsUSA/,21977
616,MISHIBOX,Health/Beauty,[info@mishibox.com],https://www.mishibox.com,868282976569141,https://www.facebook.com/mishibox/,3524
617,Rivendell Bicycle Works,Bicycle Shop,[info@rivbike.com],http://www.rivbike.com,153481058042084,https://www.facebook.com/rivbike/,8101
618,Hyper Denim,Clothing (Brand),[info@hyperdenim.com],http://hyperdenim.com,298649957001285,https://www.facebook.com/hyperdenim/,18926
619,Body Glove,Clothing Store,[pr@bodyglove.com],http://www.bodyglove.com/,20619636976,https://www.facebook.com/bodyglove/,380144
620,DockATot,Baby Goods/Kids Goods,,http://www.dockatot.com,1.44642E+15,https://www.facebook.com/dockatot/,84817
621,Pink Sparkle,Blogger,,http://PinkSparkles2017.wordpress.com,797480530406392,https://www.facebook.com/SparkleInPink/,663
622,Transparent Labs,Health/Beauty,[support@transparentlabs.com],http://transparentlabs.com/,916973588364925,https://www.facebook.com/transparentlabs/,23758
623,InBody USA,Biotechnology Company,[info@inbodyusa.com],http://www.inbodyusa.com,127142007453351,https://www.facebook.com/InBodyUSA/,3247
624,Bevy,Cocktail Bar,[info@bevyhawaii.com],http://www.bevyhawaii.com,513728648693831,https://www.facebook.com/bevybar/,2370
625,Smoke and Vape,Tobacco Store,[smokeandvapeonline@gmail.com],https://www.smokeandvape.com,419332581507428,https://www.facebook.com/SmokeAndVape/,4403