,apps,link,name,ranking
0,"['product', 'shopify'], ['product', 'shopify'], ['optimizely', 'product', 'kit', 'shopify'], ['product', 'shopify'], ['product', 'shopify'], ['product', 'shopify'], ['product', 'shopify'], [], ['yotpo', 'product', 'shopify'], ['product', 'shopify'], ['product', 'shopify'], ['product', 'kit', 'shopify'], ['shopify'], ['product', 'shopify'], ['optimizely', 'yotpo', 'product', 'kit', 'shopify'], ['yotpo', 'judge', 'product', 'kit', 'shopify'], ['product', 'kit', 'shopify'], ['powr', 'product', 'shopify'], ['optimizely', 'product', 'shopify'], ['product', 'shopify'], ['loox', 'shopify'], ['yotpo', 'product', 'kit', 'shopify'], ['powr', 'product', 'shopify'], ['product', 'shopify'], ['product', 'kit', 'shopify'], None, [], ['shopify'], ['product', 'kit', 'shopify'], ['product', 'shopify'], ['powr', 'product', 'shopify'], None, None, ['powr', 'yotpo', 'product', 'shopify'], ['yotpo', 'product', 'shopify'], ['product', 'kit', 'shopify'], ['yotpo', 'product', 'globo', 'kit', 'shopify'], ['product', 'shopify'], ['product', 'shopify']",https://colourpop.com,colourpop,"1,759"
1,"['product', 'shopify'], ['product', 'shopify'], ['optimizely', 'product', 'kit', 'shopify'], ['product', 'shopify'], ['product', 'shopify'], ['product', 'shopify'], ['product', 'shopify'], [], ['yotpo', 'product', 'shopify'], ['product', 'shopify'], ['product', 'shopify'], ['product', 'kit', 'shopify'], ['shopify'], ['product', 'shopify'], ['optimizely', 'yotpo', 'product', 'kit', 'shopify'], ['yotpo', 'judge', 'product', 'kit', 'shopify'], ['product', 'kit', 'shopify'], ['powr', 'product', 'shopify'], ['optimizely', 'product', 'shopify'], ['product', 'shopify'], ['loox', 'shopify'], ['yotpo', 'product', 'kit', 'shopify'], ['powr', 'product', 'shopify'], ['product', 'shopify'], ['product', 'kit', 'shopify'], None, [], ['shopify'], ['product', 'kit', 'shopify'], ['product', 'shopify'], ['powr', 'product', 'shopify'], None, None, ['powr', 'yotpo', 'product', 'shopify'], ['yotpo', 'product', 'shopify'], ['product', 'kit', 'shopify'], ['yotpo', 'product', 'globo', 'kit', 'shopify'], ['product', 'shopify'], ['product', 'shopify']",https://jeffreestarcosmetics.com,jeffreestarcosmetics,"6,997"
2,"['product', 'shopify'], ['product', 'shopify'], ['optimizely', 'product', 'kit', 'shopify'], ['product', 'shopify'], ['product', 'shopify'], ['product', 'shopify'], ['product', 'shopify'], [], ['yotpo', 'product', 'shopify'], ['product', 'shopify'], ['product', 'shopify'], ['product', 'kit', 'shopify'], ['shopify'], ['product', 'shopify'], ['optimizely', 'yotpo', 'product', 'kit', 'shopify'], ['yotpo', 'judge', 'product', 'kit', 'shopify'], ['product', 'kit', 'shopify'], ['powr', 'product', 'shopify'], ['optimizely', 'product', 'shopify'], ['product', 'shopify'], ['loox', 'shopify'], ['yotpo', 'product', 'kit', 'shopify'], ['powr', 'product', 'shopify'], ['product', 'shopify'], ['product', 'kit', 'shopify'], None, [], ['shopify'], ['product', 'kit', 'shopify'], ['product', 'shopify'], ['powr', 'product', 'shopify'], None, None, ['powr', 'yotpo', 'product', 'shopify'], ['yotpo', 'product', 'shopify'], ['product', 'kit', 'shopify'], ['yotpo', 'product', 'globo', 'kit', 'shopify'], ['product', 'shopify'], ['product', 'shopify']",https://mvmtwatches.com,mvmtwatches,"16,802"
3,"['product', 'shopify'], ['product', 'shopify'], ['optimizely', 'product', 'kit', 'shopify'], ['product', 'shopify'], ['product', 'shopify'], ['product', 'shopify'], ['product', 'shopify'], [], ['yotpo', 'product', 'shopify'], ['product', 'shopify'], ['product', 'shopify'], ['product', 'kit', 'shopify'], ['shopify'], ['product', 'shopify'], ['optimizely', 'yotpo', 'product', 'kit', 'shopify'], ['yotpo', 'judge', 'product', 'kit', 'shopify'], ['product', 'kit', 'shopify'], ['powr', 'product', 'shopify'], ['optimizely', 'product', 'shopify'], ['product', 'shopify'], ['loox', 'shopify'], ['yotpo', 'product', 'kit', 'shopify'], ['powr', 'product', 'shopify'], ['product', 'shopify'], ['product', 'kit', 'shopify'], None, [], ['shopify'], ['product', 'kit', 'shopify'], ['product', 'shopify'], ['powr', 'product', 'shopify'], None, None, ['powr', 'yotpo', 'product', 'shopify'], ['yotpo', 'product', 'shopify'], ['product', 'kit', 'shopify'], ['yotpo', 'product', 'globo', 'kit', 'shopify'], ['product', 'shopify'], ['product', 'shopify']",https://countryrebel.com,countryrebel,"17,261"
4,"['product', 'shopify'], ['product', 'shopify'], ['optimizely', 'product', 'kit', 'shopify'], ['product', 'shopify'], ['product', 'shopify'], ['product', 'shopify'], ['product', 'shopify'], [], ['yotpo', 'product', 'shopify'], ['product', 'shopify'], ['product', 'shopify'], ['product', 'kit', 'shopify'], ['shopify'], ['product', 'shopify'], ['optimizely', 'yotpo', 'product', 'kit', 'shopify'], ['yotpo', 'judge', 'product', 'kit', 'shopify'], ['product', 'kit', 'shopify'], ['powr', 'product', 'shopify'], ['optimizely', 'product', 'shopify'], ['product', 'shopify'], ['loox', 'shopify'], ['yotpo', 'product', 'kit', 'shopify'], ['powr', 'product', 'shopify'], ['product', 'shopify'], ['product', 'kit', 'shopify'], None, [], ['shopify'], ['product', 'kit', 'shopify'], ['product', 'shopify'], ['powr', 'product', 'shopify'], None, None, ['powr', 'yotpo', 'product', 'shopify'], ['yotpo', 'product', 'shopify'], ['product', 'kit', 'shopify'], ['yotpo', 'product', 'globo', 'kit', 'shopify'], ['product', 'shopify'], ['product', 'shopify']",https://unifclothing.com,unifclothing,"23,139"
5,"['product', 'shopify'], ['product', 'shopify'], ['optimizely', 'product', 'kit', 'shopify'], ['product', 'shopify'], ['product', 'shopify'], ['product', 'shopify'], ['product', 'shopify'], [], ['yotpo', 'product', 'shopify'], ['product', 'shopify'], ['product', 'shopify'], ['product', 'kit', 'shopify'], ['shopify'], ['product', 'shopify'], ['optimizely', 'yotpo', 'product', 'kit', 'shopify'], ['yotpo', 'judge', 'product', 'kit', 'shopify'], ['product', 'kit', 'shopify'], ['powr', 'product', 'shopify'], ['optimizely', 'product', 'shopify'], ['product', 'shopify'], ['loox', 'shopify'], ['yotpo', 'product', 'kit', 'shopify'], ['powr', 'product', 'shopify'], ['product', 'shopify'], ['product', 'kit', 'shopify'], None, [], ['shopify'], ['product', 'kit', 'shopify'], ['product', 'shopify'], ['powr', 'product', 'shopify'], None, None, ['powr', 'yotpo', 'product', 'shopify'], ['yotpo', 'product', 'shopify'], ['product', 'kit', 'shopify'], ['yotpo', 'product', 'globo', 'kit', 'shopify'], ['product', 'shopify'], ['product', 'shopify']",https://i12.shop,i12,"24,754"
6,"['product', 'shopify'], ['product', 'shopify'], ['optimizely', 'product', 'kit', 'shopify'], ['product', 'shopify'], ['product', 'shopify'], ['product', 'shopify'], ['product', 'shopify'], [], ['yotpo', 'product', 'shopify'], ['product', 'shopify'], ['product', 'shopify'], ['product', 'kit', 'shopify'], ['shopify'], ['product', 'shopify'], ['optimizely', 'yotpo', 'product', 'kit', 'shopify'], ['yotpo', 'judge', 'product', 'kit', 'shopify'], ['product', 'kit', 'shopify'], ['powr', 'product', 'shopify'], ['optimizely', 'product', 'shopify'], ['product', 'shopify'], ['loox', 'shopify'], ['yotpo', 'product', 'kit', 'shopify'], ['powr', 'product', 'shopify'], ['product', 'shopify'], ['product', 'kit', 'shopify'], None, [], ['shopify'], ['product', 'kit', 'shopify'], ['product', 'shopify'], ['powr', 'product', 'shopify'], None, None, ['powr', 'yotpo', 'product', 'shopify'], ['yotpo', 'product', 'shopify'], ['product', 'kit', 'shopify'], ['yotpo', 'product', 'globo', 'kit', 'shopify'], ['product', 'shopify'], ['product', 'shopify']",https://spigen.com,spigen,"25,089"
7,"['product', 'shopify'], ['product', 'shopify'], ['optimizely', 'product', 'kit', 'shopify'], ['product', 'shopify'], ['product', 'shopify'], ['product', 'shopify'], ['product', 'shopify'], [], ['yotpo', 'product', 'shopify'], ['product', 'shopify'], ['product', 'shopify'], ['product', 'kit', 'shopify'], ['shopify'], ['product', 'shopify'], ['optimizely', 'yotpo', 'product', 'kit', 'shopify'], ['yotpo', 'judge', 'product', 'kit', 'shopify'], ['product', 'kit', 'shopify'], ['powr', 'product', 'shopify'], ['optimizely', 'product', 'shopify'], ['product', 'shopify'], ['loox', 'shopify'], ['yotpo', 'product', 'kit', 'shopify'], ['powr', 'product', 'shopify'], ['product', 'shopify'], ['product', 'kit', 'shopify'], None, [], ['shopify'], ['product', 'kit', 'shopify'], ['product', 'shopify'], ['powr', 'product', 'shopify'], None, None, ['powr', 'yotpo', 'product', 'shopify'], ['yotpo', 'product', 'shopify'], ['product', 'kit', 'shopify'], ['yotpo', 'product', 'globo', 'kit', 'shopify'], ['product', 'shopify'], ['product', 'shopify']",https://funko.com,funko,"25,566"
8,"['product', 'shopify'], ['product', 'shopify'], ['optimizely', 'product', 'kit', 'shopify'], ['product', 'shopify'], ['product', 'shopify'], ['product', 'shopify'], ['product', 'shopify'], [], ['yotpo', 'product', 'shopify'], ['product', 'shopify'], ['product', 'shopify'], ['product', 'kit', 'shopify'], ['shopify'], ['product', 'shopify'], ['optimizely', 'yotpo', 'product', 'kit', 'shopify'], ['yotpo', 'judge', 'product', 'kit', 'shopify'], ['product', 'kit', 'shopify'], ['powr', 'product', 'shopify'], ['optimizely', 'product', 'shopify'], ['product', 'shopify'], ['loox', 'shopify'], ['yotpo', 'product', 'kit', 'shopify'], ['powr', 'product', 'shopify'], ['product', 'shopify'], ['product', 'kit', 'shopify'], None, [], ['shopify'], ['product', 'kit', 'shopify'], ['product', 'shopify'], ['powr', 'product', 'shopify'], None, None, ['powr', 'yotpo', 'product', 'shopify'], ['yotpo', 'product', 'shopify'], ['product', 'kit', 'shopify'], ['yotpo', 'product', 'globo', 'kit', 'shopify'], ['product', 'shopify'], ['product', 'shopify']",https://cupshe.com,cupshe,"32,041"
9,"['product', 'shopify'], ['product', 'shopify'], ['optimizely', 'product', 'kit', 'shopify'], ['product', 'shopify'], ['product', 'shopify'], ['product', 'shopify'], ['product', 'shopify'], [], ['yotpo', 'product', 'shopify'], ['product', 'shopify'], ['product', 'shopify'], ['product', 'kit', 'shopify'], ['shopify'], ['product', 'shopify'], ['optimizely', 'yotpo', 'product', 'kit', 'shopify'], ['yotpo', 'judge', 'product', 'kit', 'shopify'], ['product', 'kit', 'shopify'], ['powr', 'product', 'shopify'], ['optimizely', 'product', 'shopify'], ['product', 'shopify'], ['loox', 'shopify'], ['yotpo', 'product', 'kit', 'shopify'], ['powr', 'product', 'shopify'], ['product', 'shopify'], ['product', 'kit', 'shopify'], None, [], ['shopify'], ['product', 'kit', 'shopify'], ['product', 'shopify'], ['powr', 'product', 'shopify'], None, None, ['powr', 'yotpo', 'product', 'shopify'], ['yotpo', 'product', 'shopify'], ['product', 'kit', 'shopify'], ['yotpo', 'product', 'globo', 'kit', 'shopify'], ['product', 'shopify'], ['product', 'shopify']",https://sugarandcotton.com,sugarandcotton,"32,222"
10,"['product', 'shopify'], ['product', 'shopify'], ['optimizely', 'product', 'kit', 'shopify'], ['product', 'shopify'], ['product', 'shopify'], ['product', 'shopify'], ['product', 'shopify'], [], ['yotpo', 'product', 'shopify'], ['product', 'shopify'], ['product', 'shopify'], ['product', 'kit', 'shopify'], ['shopify'], ['product', 'shopify'], ['optimizely', 'yotpo', 'product', 'kit', 'shopify'], ['yotpo', 'judge', 'product', 'kit', 'shopify'], ['product', 'kit', 'shopify'], ['powr', 'product', 'shopify'], ['optimizely', 'product', 'shopify'], ['product', 'shopify'], ['loox', 'shopify'], ['yotpo', 'product', 'kit', 'shopify'], ['powr', 'product', 'shopify'], ['product', 'shopify'], ['product', 'kit', 'shopify'], None, [], ['shopify'], ['product', 'kit', 'shopify'], ['product', 'shopify'], ['powr', 'product', 'shopify'], None, None, ['powr', 'yotpo', 'product', 'shopify'], ['yotpo', 'product', 'shopify'], ['product', 'kit', 'shopify'], ['yotpo', 'product', 'globo', 'kit', 'shopify'], ['product', 'shopify'], ['product', 'shopify']",https://gfuel.com,gfuel,"32,225"
11,"['product', 'shopify'], ['product', 'shopify'], ['optimizely', 'product', 'kit', 'shopify'], ['product', 'shopify'], ['product', 'shopify'], ['product', 'shopify'], ['product', 'shopify'], [], ['yotpo', 'product', 'shopify'], ['product', 'shopify'], ['product', 'shopify'], ['product', 'kit', 'shopify'], ['shopify'], ['product', 'shopify'], ['optimizely', 'yotpo', 'product', 'kit', 'shopify'], ['yotpo', 'judge', 'product', 'kit', 'shopify'], ['product', 'kit', 'shopify'], ['powr', 'product', 'shopify'], ['optimizely', 'product', 'shopify'], ['product', 'shopify'], ['loox', 'shopify'], ['yotpo', 'product', 'kit', 'shopify'], ['powr', 'product', 'shopify'], ['product', 'shopify'], ['product', 'kit', 'shopify'], None, [], ['shopify'], ['product', 'kit', 'shopify'], ['product', 'shopify'], ['powr', 'product', 'shopify'], None, None, ['powr', 'yotpo', 'product', 'shopify'], ['yotpo', 'product', 'shopify'], ['product', 'kit', 'shopify'], ['yotpo', 'product', 'globo', 'kit', 'shopify'], ['product', 'shopify'], ['product', 'shopify']",https://kith.com,kith,"33,145"
12,"['product', 'shopify'], ['product', 'shopify'], ['optimizely', 'product', 'kit', 'shopify'], ['product', 'shopify'], ['product', 'shopify'], ['product', 'shopify'], ['product', 'shopify'], [], ['yotpo', 'product', 'shopify'], ['product', 'shopify'], ['product', 'shopify'], ['product', 'kit', 'shopify'], ['shopify'], ['product', 'shopify'], ['optimizely', 'yotpo', 'product', 'kit', 'shopify'], ['yotpo', 'judge', 'product', 'kit', 'shopify'], ['product', 'kit', 'shopify'], ['powr', 'product', 'shopify'], ['optimizely', 'product', 'shopify'], ['product', 'shopify'], ['loox', 'shopify'], ['yotpo', 'product', 'kit', 'shopify'], ['powr', 'product', 'shopify'], ['product', 'shopify'], ['product', 'kit', 'shopify'], None, [], ['shopify'], ['product', 'kit', 'shopify'], ['product', 'shopify'], ['powr', 'product', 'shopify'], None, None, ['powr', 'yotpo', 'product', 'shopify'], ['yotpo', 'product', 'shopify'], ['product', 'kit', 'shopify'], ['yotpo', 'product', 'globo', 'kit', 'shopify'], ['product', 'shopify'], ['product', 'shopify']",https://triangl.com,triangl,"38,097"
13,"['product', 'shopify'], ['product', 'shopify'], ['optimizely', 'product', 'kit', 'shopify'], ['product', 'shopify'], ['product', 'shopify'], ['product', 'shopify'], ['product', 'shopify'], [], ['yotpo', 'product', 'shopify'], ['product', 'shopify'], ['product', 'shopify'], ['product', 'kit', 'shopify'], ['shopify'], ['product', 'shopify'], ['optimizely', 'yotpo', 'product', 'kit', 'shopify'], ['yotpo', 'judge', 'product', 'kit', 'shopify'], ['product', 'kit', 'shopify'], ['powr', 'product', 'shopify'], ['optimizely', 'product', 'shopify'], ['product', 'shopify'], ['loox', 'shopify'], ['yotpo', 'product', 'kit', 'shopify'], ['powr', 'product', 'shopify'], ['product', 'shopify'], ['product', 'kit', 'shopify'], None, [], ['shopify'], ['product', 'kit', 'shopify'], ['product', 'shopify'], ['powr', 'product', 'shopify'], None, None, ['powr', 'yotpo', 'product', 'shopify'], ['yotpo', 'product', 'shopify'], ['product', 'kit', 'shopify'], ['yotpo', 'product', 'globo', 'kit', 'shopify'], ['product', 'shopify'], ['product', 'shopify']",https://ine.com,ine,"39,307"
14,"['product', 'shopify'], ['product', 'shopify'], ['optimizely', 'product', 'kit', 'shopify'], ['product', 'shopify'], ['product', 'shopify'], ['product', 'shopify'], ['product', 'shopify'], [], ['yotpo', 'product', 'shopify'], ['product', 'shopify'], ['product', 'shopify'], ['product', 'kit', 'shopify'], ['shopify'], ['product', 'shopify'], ['optimizely', 'yotpo', 'product', 'kit', 'shopify'], ['yotpo', 'judge', 'product', 'kit', 'shopify'], ['product', 'kit', 'shopify'], ['powr', 'product', 'shopify'], ['optimizely', 'product', 'shopify'], ['product', 'shopify'], ['loox', 'shopify'], ['yotpo', 'product', 'kit', 'shopify'], ['powr', 'product', 'shopify'], ['product', 'shopify'], ['product', 'kit', 'shopify'], None, [], ['shopify'], ['product', 'kit', 'shopify'], ['product', 'shopify'], ['powr', 'product', 'shopify'], None, None, ['powr', 'yotpo', 'product', 'shopify'], ['yotpo', 'product', 'shopify'], ['product', 'kit', 'shopify'], ['yotpo', 'product', 'globo', 'kit', 'shopify'], ['product', 'shopify'], ['product', 'shopify']",https://mnml.la,mnml,"39,749"
15,"['product', 'shopify'], ['product', 'shopify'], ['optimizely', 'product', 'kit', 'shopify'], ['product', 'shopify'], ['product', 'shopify'], ['product', 'shopify'], ['product', 'shopify'], [], ['yotpo', 'product', 'shopify'], ['product', 'shopify'], ['product', 'shopify'], ['product', 'kit', 'shopify'], ['shopify'], ['product', 'shopify'], ['optimizely', 'yotpo', 'product', 'kit', 'shopify'], ['yotpo', 'judge', 'product', 'kit', 'shopify'], ['product', 'kit', 'shopify'], ['powr', 'product', 'shopify'], ['optimizely', 'product', 'shopify'], ['product', 'shopify'], ['loox', 'shopify'], ['yotpo', 'product', 'kit', 'shopify'], ['powr', 'product', 'shopify'], ['product', 'shopify'], ['product', 'kit', 'shopify'], None, [], ['shopify'], ['product', 'kit', 'shopify'], ['product', 'shopify'], ['powr', 'product', 'shopify'], None, None, ['powr', 'yotpo', 'product', 'shopify'], ['yotpo', 'product', 'shopify'], ['product', 'kit', 'shopify'], ['yotpo', 'product', 'globo', 'kit', 'shopify'], ['product', 'shopify'], ['product', 'shopify']",https://kingice.com,kingice,"42,620"
16,"['product', 'shopify'], ['product', 'shopify'], ['optimizely', 'product', 'kit', 'shopify'], ['product', 'shopify'], ['product', 'shopify'], ['product', 'shopify'], ['product', 'shopify'], [], ['yotpo', 'product', 'shopify'], ['product', 'shopify'], ['product', 'shopify'], ['product', 'kit', 'shopify'], ['shopify'], ['product', 'shopify'], ['optimizely', 'yotpo', 'product', 'kit', 'shopify'], ['yotpo', 'judge', 'product', 'kit', 'shopify'], ['product', 'kit', 'shopify'], ['powr', 'product', 'shopify'], ['optimizely', 'product', 'shopify'], ['product', 'shopify'], ['loox', 'shopify'], ['yotpo', 'product', 'kit', 'shopify'], ['powr', 'product', 'shopify'], ['product', 'shopify'], ['product', 'kit', 'shopify'], None, [], ['shopify'], ['product', 'kit', 'shopify'], ['product', 'shopify'], ['powr', 'product', 'shopify'], None, None, ['powr', 'yotpo', 'product', 'shopify'], ['yotpo', 'product', 'shopify'], ['product', 'kit', 'shopify'], ['yotpo', 'product', 'globo', 'kit', 'shopify'], ['product', 'shopify'], ['product', 'shopify']",https://stampd.com,stampd,"42,689"
17,"['product', 'shopify'], ['product', 'shopify'], ['optimizely', 'product', 'kit', 'shopify'], ['product', 'shopify'], ['product', 'shopify'], ['product', 'shopify'], ['product', 'shopify'], [], ['yotpo', 'product', 'shopify'], ['product', 'shopify'], ['product', 'shopify'], ['product', 'kit', 'shopify'], ['shopify'], ['product', 'shopify'], ['optimizely', 'yotpo', 'product', 'kit', 'shopify'], ['yotpo', 'judge', 'product', 'kit', 'shopify'], ['product', 'kit', 'shopify'], ['powr', 'product', 'shopify'], ['optimizely', 'product', 'shopify'], ['product', 'shopify'], ['loox', 'shopify'], ['yotpo', 'product', 'kit', 'shopify'], ['powr', 'product', 'shopify'], ['product', 'shopify'], ['product', 'kit', 'shopify'], None, [], ['shopify'], ['product', 'kit', 'shopify'], ['product', 'shopify'], ['powr', 'product', 'shopify'], None, None, ['powr', 'yotpo', 'product', 'shopify'], ['yotpo', 'product', 'shopify'], ['product', 'kit', 'shopify'], ['yotpo', 'product', 'globo', 'kit', 'shopify'], ['product', 'shopify'], ['product', 'shopify']",https://ripndipclothing.com,ripndipclothing,"42,998"
18,"['product', 'shopify'], ['product', 'shopify'], ['optimizely', 'product', 'kit', 'shopify'], ['product', 'shopify'], ['product', 'shopify'], ['product', 'shopify'], ['product', 'shopify'], [], ['yotpo', 'product', 'shopify'], ['product', 'shopify'], ['product', 'shopify'], ['product', 'kit', 'shopify'], ['shopify'], ['product', 'shopify'], ['optimizely', 'yotpo', 'product', 'kit', 'shopify'], ['yotpo', 'judge', 'product', 'kit', 'shopify'], ['product', 'kit', 'shopify'], ['powr', 'product', 'shopify'], ['optimizely', 'product', 'shopify'], ['product', 'shopify'], ['loox', 'shopify'], ['yotpo', 'product', 'kit', 'shopify'], ['powr', 'product', 'shopify'], ['product', 'shopify'], ['product', 'kit', 'shopify'], None, [], ['shopify'], ['product', 'kit', 'shopify'], ['product', 'shopify'], ['powr', 'product', 'shopify'], None, None, ['powr', 'yotpo', 'product', 'shopify'], ['yotpo', 'product', 'shopify'], ['product', 'kit', 'shopify'], ['yotpo', 'product', 'globo', 'kit', 'shopify'], ['product', 'shopify'], ['product', 'shopify']",https://misthub.com,misthub,"47,202"
19,"['product', 'shopify'], ['product', 'shopify'], ['optimizely', 'product', 'kit', 'shopify'], ['product', 'shopify'], ['product', 'shopify'], ['product', 'shopify'], ['product', 'shopify'], [], ['yotpo', 'product', 'shopify'], ['product', 'shopify'], ['product', 'shopify'], ['product', 'kit', 'shopify'], ['shopify'], ['product', 'shopify'], ['optimizely', 'yotpo', 'product', 'kit', 'shopify'], ['yotpo', 'judge', 'product', 'kit', 'shopify'], ['product', 'kit', 'shopify'], ['powr', 'product', 'shopify'], ['optimizely', 'product', 'shopify'], ['product', 'shopify'], ['loox', 'shopify'], ['yotpo', 'product', 'kit', 'shopify'], ['powr', 'product', 'shopify'], ['product', 'shopify'], ['product', 'kit', 'shopify'], None, [], ['shopify'], ['product', 'kit', 'shopify'], ['product', 'shopify'], ['powr', 'product', 'shopify'], None, None, ['powr', 'yotpo', 'product', 'shopify'], ['yotpo', 'product', 'shopify'], ['product', 'kit', 'shopify'], ['yotpo', 'product', 'globo', 'kit', 'shopify'], ['product', 'shopify'], ['product', 'shopify']",https://tayroc.com,tayroc,"47,632"
20,"['product', 'shopify'], ['product', 'shopify'], ['optimizely', 'product', 'kit', 'shopify'], ['product', 'shopify'], ['product', 'shopify'], ['product', 'shopify'], ['product', 'shopify'], [], ['yotpo', 'product', 'shopify'], ['product', 'shopify'], ['product', 'shopify'], ['product', 'kit', 'shopify'], ['shopify'], ['product', 'shopify'], ['optimizely', 'yotpo', 'product', 'kit', 'shopify'], ['yotpo', 'judge', 'product', 'kit', 'shopify'], ['product', 'kit', 'shopify'], ['powr', 'product', 'shopify'], ['optimizely', 'product', 'shopify'], ['product', 'shopify'], ['loox', 'shopify'], ['yotpo', 'product', 'kit', 'shopify'], ['powr', 'product', 'shopify'], ['product', 'shopify'], ['product', 'kit', 'shopify'], None, [], ['shopify'], ['product', 'kit', 'shopify'], ['product', 'shopify'], ['powr', 'product', 'shopify'], None, None, ['powr', 'yotpo', 'product', 'shopify'], ['yotpo', 'product', 'shopify'], ['product', 'kit', 'shopify'], ['yotpo', 'product', 'globo', 'kit', 'shopify'], ['product', 'shopify'], ['product', 'shopify']",https://gemmojo.com,gemmojo,"49,796"
21,"['product', 'shopify'], ['product', 'shopify'], ['optimizely', 'product', 'kit', 'shopify'], ['product', 'shopify'], ['product', 'shopify'], ['product', 'shopify'], ['product', 'shopify'], [], ['yotpo', 'product', 'shopify'], ['product', 'shopify'], ['product', 'shopify'], ['product', 'kit', 'shopify'], ['shopify'], ['product', 'shopify'], ['optimizely', 'yotpo', 'product', 'kit', 'shopify'], ['yotpo', 'judge', 'product', 'kit', 'shopify'], ['product', 'kit', 'shopify'], ['powr', 'product', 'shopify'], ['optimizely', 'product', 'shopify'], ['product', 'shopify'], ['loox', 'shopify'], ['yotpo', 'product', 'kit', 'shopify'], ['powr', 'product', 'shopify'], ['product', 'shopify'], ['product', 'kit', 'shopify'], None, [], ['shopify'], ['product', 'kit', 'shopify'], ['product', 'shopify'], ['powr', 'product', 'shopify'], None, None, ['powr', 'yotpo', 'product', 'shopify'], ['yotpo', 'product', 'shopify'], ['product', 'kit', 'shopify'], ['yotpo', 'product', 'globo', 'kit', 'shopify'], ['product', 'shopify'], ['product', 'shopify']",https://camerareadycosmetics.com,camerareadycosmetics,"54,189"
22,"['product', 'shopify'], ['product', 'shopify'], ['optimizely', 'product', 'kit', 'shopify'], ['product', 'shopify'], ['product', 'shopify'], ['product', 'shopify'], ['product', 'shopify'], [], ['yotpo', 'product', 'shopify'], ['product', 'shopify'], ['product', 'shopify'], ['product', 'kit', 'shopify'], ['shopify'], ['product', 'shopify'], ['optimizely', 'yotpo', 'product', 'kit', 'shopify'], ['yotpo', 'judge', 'product', 'kit', 'shopify'], ['product', 'kit', 'shopify'], ['powr', 'product', 'shopify'], ['optimizely', 'product', 'shopify'], ['product', 'shopify'], ['loox', 'shopify'], ['yotpo', 'product', 'kit', 'shopify'], ['powr', 'product', 'shopify'], ['product', 'shopify'], ['product', 'kit', 'shopify'], None, [], ['shopify'], ['product', 'kit', 'shopify'], ['product', 'shopify'], ['powr', 'product', 'shopify'], None, None, ['powr', 'yotpo', 'product', 'shopify'], ['yotpo', 'product', 'shopify'], ['product', 'kit', 'shopify'], ['yotpo', 'product', 'globo', 'kit', 'shopify'], ['product', 'shopify'], ['product', 'shopify']",https://blackriflecoffee.com,blackriflecoffee,"56,025"
23,"['product', 'shopify'], ['product', 'shopify'], ['optimizely', 'product', 'kit', 'shopify'], ['product', 'shopify'], ['product', 'shopify'], ['product', 'shopify'], ['product', 'shopify'], [], ['yotpo', 'product', 'shopify'], ['product', 'shopify'], ['product', 'shopify'], ['product', 'kit', 'shopify'], ['shopify'], ['product', 'shopify'], ['optimizely', 'yotpo', 'product', 'kit', 'shopify'], ['yotpo', 'judge', 'product', 'kit', 'shopify'], ['product', 'kit', 'shopify'], ['powr', 'product', 'shopify'], ['optimizely', 'product', 'shopify'], ['product', 'shopify'], ['loox', 'shopify'], ['yotpo', 'product', 'kit', 'shopify'], ['powr', 'product', 'shopify'], ['product', 'shopify'], ['product', 'kit', 'shopify'], None, [], ['shopify'], ['product', 'kit', 'shopify'], ['product', 'shopify'], ['powr', 'product', 'shopify'], None, None, ['powr', 'yotpo', 'product', 'shopify'], ['yotpo', 'product', 'shopify'], ['product', 'kit', 'shopify'], ['yotpo', 'product', 'globo', 'kit', 'shopify'], ['product', 'shopify'], ['product', 'shopify']",https://ingeniamuebles.com.mx,ingeniamuebles,"56,134"
24,"['product', 'shopify'], ['product', 'shopify'], ['optimizely', 'product', 'kit', 'shopify'], ['product', 'shopify'], ['product', 'shopify'], ['product', 'shopify'], ['product', 'shopify'], [], ['yotpo', 'product', 'shopify'], ['product', 'shopify'], ['product', 'shopify'], ['product', 'kit', 'shopify'], ['shopify'], ['product', 'shopify'], ['optimizely', 'yotpo', 'product', 'kit', 'shopify'], ['yotpo', 'judge', 'product', 'kit', 'shopify'], ['product', 'kit', 'shopify'], ['powr', 'product', 'shopify'], ['optimizely', 'product', 'shopify'], ['product', 'shopify'], ['loox', 'shopify'], ['yotpo', 'product', 'kit', 'shopify'], ['powr', 'product', 'shopify'], ['product', 'shopify'], ['product', 'kit', 'shopify'], None, [], ['shopify'], ['product', 'kit', 'shopify'], ['product', 'shopify'], ['powr', 'product', 'shopify'], None, None, ['powr', 'yotpo', 'product', 'shopify'], ['yotpo', 'product', 'shopify'], ['product', 'kit', 'shopify'], ['yotpo', 'product', 'globo', 'kit', 'shopify'], ['product', 'shopify'], ['product', 'shopify']",https://lagarconne.com,lagarconne,"58,841"
25,"['product', 'shopify'], ['product', 'shopify'], ['optimizely', 'product', 'kit', 'shopify'], ['product', 'shopify'], ['product', 'shopify'], ['product', 'shopify'], ['product', 'shopify'], [], ['yotpo', 'product', 'shopify'], ['product', 'shopify'], ['product', 'shopify'], ['product', 'kit', 'shopify'], ['shopify'], ['product', 'shopify'], ['optimizely', 'yotpo', 'product', 'kit', 'shopify'], ['yotpo', 'judge', 'product', 'kit', 'shopify'], ['product', 'kit', 'shopify'], ['powr', 'product', 'shopify'], ['optimizely', 'product', 'shopify'], ['product', 'shopify'], ['loox', 'shopify'], ['yotpo', 'product', 'kit', 'shopify'], ['powr', 'product', 'shopify'], ['product', 'shopify'], ['product', 'kit', 'shopify'], None, [], ['shopify'], ['product', 'kit', 'shopify'], ['product', 'shopify'], ['powr', 'product', 'shopify'], None, None, ['powr', 'yotpo', 'product', 'shopify'], ['yotpo', 'product', 'shopify'], ['product', 'kit', 'shopify'], ['yotpo', 'product', 'globo', 'kit', 'shopify'], ['product', 'shopify'], ['product', 'shopify']",https://mahiya.com.au,mahiya,"60,896"
26,"['product', 'shopify'], ['product', 'shopify'], ['optimizely', 'product', 'kit', 'shopify'], ['product', 'shopify'], ['product', 'shopify'], ['product', 'shopify'], ['product', 'shopify'], [], ['yotpo', 'product', 'shopify'], ['product', 'shopify'], ['product', 'shopify'], ['product', 'kit', 'shopify'], ['shopify'], ['product', 'shopify'], ['optimizely', 'yotpo', 'product', 'kit', 'shopify'], ['yotpo', 'judge', 'product', 'kit', 'shopify'], ['product', 'kit', 'shopify'], ['powr', 'product', 'shopify'], ['optimizely', 'product', 'shopify'], ['product', 'shopify'], ['loox', 'shopify'], ['yotpo', 'product', 'kit', 'shopify'], ['powr', 'product', 'shopify'], ['product', 'shopify'], ['product', 'kit', 'shopify'], None, [], ['shopify'], ['product', 'kit', 'shopify'], ['product', 'shopify'], ['powr', 'product', 'shopify'], None, None, ['powr', 'yotpo', 'product', 'shopify'], ['yotpo', 'product', 'shopify'], ['product', 'kit', 'shopify'], ['yotpo', 'product', 'globo', 'kit', 'shopify'], ['product', 'shopify'], ['product', 'shopify']",https://yeezysupply.com,yeezysupply,"62,431"
27,"['product', 'shopify'], ['product', 'shopify'], ['optimizely', 'product', 'kit', 'shopify'], ['product', 'shopify'], ['product', 'shopify'], ['product', 'shopify'], ['product', 'shopify'], [], ['yotpo', 'product', 'shopify'], ['product', 'shopify'], ['product', 'shopify'], ['product', 'kit', 'shopify'], ['shopify'], ['product', 'shopify'], ['optimizely', 'yotpo', 'product', 'kit', 'shopify'], ['yotpo', 'judge', 'product', 'kit', 'shopify'], ['product', 'kit', 'shopify'], ['powr', 'product', 'shopify'], ['optimizely', 'product', 'shopify'], ['product', 'shopify'], ['loox', 'shopify'], ['yotpo', 'product', 'kit', 'shopify'], ['powr', 'product', 'shopify'], ['product', 'shopify'], ['product', 'kit', 'shopify'], None, [], ['shopify'], ['product', 'kit', 'shopify'], ['product', 'shopify'], ['powr', 'product', 'shopify'], None, None, ['powr', 'yotpo', 'product', 'shopify'], ['yotpo', 'product', 'shopify'], ['product', 'kit', 'shopify'], ['yotpo', 'product', 'globo', 'kit', 'shopify'], ['product', 'shopify'], ['product', 'shopify']",https://octobersveryown.com,octobersveryown,"63,407"
28,"['product', 'shopify'], ['product', 'shopify'], ['optimizely', 'product', 'kit', 'shopify'], ['product', 'shopify'], ['product', 'shopify'], ['product', 'shopify'], ['product', 'shopify'], [], ['yotpo', 'product', 'shopify'], ['product', 'shopify'], ['product', 'shopify'], ['product', 'kit', 'shopify'], ['shopify'], ['product', 'shopify'], ['optimizely', 'yotpo', 'product', 'kit', 'shopify'], ['yotpo', 'judge', 'product', 'kit', 'shopify'], ['product', 'kit', 'shopify'], ['powr', 'product', 'shopify'], ['optimizely', 'product', 'shopify'], ['product', 'shopify'], ['loox', 'shopify'], ['yotpo', 'product', 'kit', 'shopify'], ['powr', 'product', 'shopify'], ['product', 'shopify'], ['product', 'kit', 'shopify'], None, [], ['shopify'], ['product', 'kit', 'shopify'], ['product', 'shopify'], ['powr', 'product', 'shopify'], None, None, ['powr', 'yotpo', 'product', 'shopify'], ['yotpo', 'product', 'shopify'], ['product', 'kit', 'shopify'], ['yotpo', 'product', 'globo', 'kit', 'shopify'], ['product', 'shopify'], ['product', 'shopify']",https://allbirds.com,allbirds,"65,050"
29,"['product', 'shopify'], ['product', 'shopify'], ['optimizely', 'product', 'kit', 'shopify'], ['product', 'shopify'], ['product', 'shopify'], ['product', 'shopify'], ['product', 'shopify'], [], ['yotpo', 'product', 'shopify'], ['product', 'shopify'], ['product', 'shopify'], ['product', 'kit', 'shopify'], ['shopify'], ['product', 'shopify'], ['optimizely', 'yotpo', 'product', 'kit', 'shopify'], ['yotpo', 'judge', 'product', 'kit', 'shopify'], ['product', 'kit', 'shopify'], ['powr', 'product', 'shopify'], ['optimizely', 'product', 'shopify'], ['product', 'shopify'], ['loox', 'shopify'], ['yotpo', 'product', 'kit', 'shopify'], ['powr', 'product', 'shopify'], ['product', 'shopify'], ['product', 'kit', 'shopify'], None, [], ['shopify'], ['product', 'kit', 'shopify'], ['product', 'shopify'], ['powr', 'product', 'shopify'], None, None, ['powr', 'yotpo', 'product', 'shopify'], ['yotpo', 'product', 'shopify'], ['product', 'kit', 'shopify'], ['yotpo', 'product', 'globo', 'kit', 'shopify'], ['product', 'shopify'], ['product', 'shopify']",https://hawkersmexico.com,hawkersmexico,"66,694"
30,"['product', 'shopify'], ['product', 'shopify'], ['optimizely', 'product', 'kit', 'shopify'], ['product', 'shopify'], ['product', 'shopify'], ['product', 'shopify'], ['product', 'shopify'], [], ['yotpo', 'product', 'shopify'], ['product', 'shopify'], ['product', 'shopify'], ['product', 'kit', 'shopify'], ['shopify'], ['product', 'shopify'], ['optimizely', 'yotpo', 'product', 'kit', 'shopify'], ['yotpo', 'judge', 'product', 'kit', 'shopify'], ['product', 'kit', 'shopify'], ['powr', 'product', 'shopify'], ['optimizely', 'product', 'shopify'], ['product', 'shopify'], ['loox', 'shopify'], ['yotpo', 'product', 'kit', 'shopify'], ['powr', 'product', 'shopify'], ['product', 'shopify'], ['product', 'kit', 'shopify'], None, [], ['shopify'], ['product', 'kit', 'shopify'], ['product', 'shopify'], ['powr', 'product', 'shopify'], None, None, ['powr', 'yotpo', 'product', 'shopify'], ['yotpo', 'product', 'shopify'], ['product', 'kit', 'shopify'], ['yotpo', 'product', 'globo', 'kit', 'shopify'], ['product', 'shopify'], ['product', 'shopify']",https://sisterjane.com,sisterjane,"67,652"
31,"['product', 'shopify'], ['product', 'shopify'], ['optimizely', 'product', 'kit', 'shopify'], ['product', 'shopify'], ['product', 'shopify'], ['product', 'shopify'], ['product', 'shopify'], [], ['yotpo', 'product', 'shopify'], ['product', 'shopify'], ['product', 'shopify'], ['product', 'kit', 'shopify'], ['shopify'], ['product', 'shopify'], ['optimizely', 'yotpo', 'product', 'kit', 'shopify'], ['yotpo', 'judge', 'product', 'kit', 'shopify'], ['product', 'kit', 'shopify'], ['powr', 'product', 'shopify'], ['optimizely', 'product', 'shopify'], ['product', 'shopify'], ['loox', 'shopify'], ['yotpo', 'product', 'kit', 'shopify'], ['powr', 'product', 'shopify'], ['product', 'shopify'], ['product', 'kit', 'shopify'], None, [], ['shopify'], ['product', 'kit', 'shopify'], ['product', 'shopify'], ['powr', 'product', 'shopify'], None, None, ['powr', 'yotpo', 'product', 'shopify'], ['yotpo', 'product', 'shopify'], ['product', 'kit', 'shopify'], ['yotpo', 'product', 'globo', 'kit', 'shopify'], ['product', 'shopify'], ['product', 'shopify']",https://chubbiesshorts.com,chubbiesshorts,"70,530"
32,"['product', 'shopify'], ['product', 'shopify'], ['optimizely', 'product', 'kit', 'shopify'], ['product', 'shopify'], ['product', 'shopify'], ['product', 'shopify'], ['product', 'shopify'], [], ['yotpo', 'product', 'shopify'], ['product', 'shopify'], ['product', 'shopify'], ['product', 'kit', 'shopify'], ['shopify'], ['product', 'shopify'], ['optimizely', 'yotpo', 'product', 'kit', 'shopify'], ['yotpo', 'judge', 'product', 'kit', 'shopify'], ['product', 'kit', 'shopify'], ['powr', 'product', 'shopify'], ['optimizely', 'product', 'shopify'], ['product', 'shopify'], ['loox', 'shopify'], ['yotpo', 'product', 'kit', 'shopify'], ['powr', 'product', 'shopify'], ['product', 'shopify'], ['product', 'kit', 'shopify'], None, [], ['shopify'], ['product', 'kit', 'shopify'], ['product', 'shopify'], ['powr', 'product', 'shopify'], None, None, ['powr', 'yotpo', 'product', 'shopify'], ['yotpo', 'product', 'shopify'], ['product', 'kit', 'shopify'], ['yotpo', 'product', 'globo', 'kit', 'shopify'], ['product', 'shopify'], ['product', 'shopify']",https://geekbuds.com,geekbuds,"71,633"
33,"['product', 'shopify'], ['product', 'shopify'], ['optimizely', 'product', 'kit', 'shopify'], ['product', 'shopify'], ['product', 'shopify'], ['product', 'shopify'], ['product', 'shopify'], [], ['yotpo', 'product', 'shopify'], ['product', 'shopify'], ['product', 'shopify'], ['product', 'kit', 'shopify'], ['shopify'], ['product', 'shopify'], ['optimizely', 'yotpo', 'product', 'kit', 'shopify'], ['yotpo', 'judge', 'product', 'kit', 'shopify'], ['product', 'kit', 'shopify'], ['powr', 'product', 'shopify'], ['optimizely', 'product', 'shopify'], ['product', 'shopify'], ['loox', 'shopify'], ['yotpo', 'product', 'kit', 'shopify'], ['powr', 'product', 'shopify'], ['product', 'shopify'], ['product', 'kit', 'shopify'], None, [], ['shopify'], ['product', 'kit', 'shopify'], ['product', 'shopify'], ['powr', 'product', 'shopify'], None, None, ['powr', 'yotpo', 'product', 'shopify'], ['yotpo', 'product', 'shopify'], ['product', 'kit', 'shopify'], ['yotpo', 'product', 'globo', 'kit', 'shopify'], ['product', 'shopify'], ['product', 'shopify']",https://ebarza.com,ebarza,"75,536"
34,"['product', 'shopify'], ['product', 'shopify'], ['optimizely', 'product', 'kit', 'shopify'], ['product', 'shopify'], ['product', 'shopify'], ['product', 'shopify'], ['product', 'shopify'], [], ['yotpo', 'product', 'shopify'], ['product', 'shopify'], ['product', 'shopify'], ['product', 'kit', 'shopify'], ['shopify'], ['product', 'shopify'], ['optimizely', 'yotpo', 'product', 'kit', 'shopify'], ['yotpo', 'judge', 'product', 'kit', 'shopify'], ['product', 'kit', 'shopify'], ['powr', 'product', 'shopify'], ['optimizely', 'product', 'shopify'], ['product', 'shopify'], ['loox', 'shopify'], ['yotpo', 'product', 'kit', 'shopify'], ['powr', 'product', 'shopify'], ['product', 'shopify'], ['product', 'kit', 'shopify'], None, [], ['shopify'], ['product', 'kit', 'shopify'], ['product', 'shopify'], ['powr', 'product', 'shopify'], None, None, ['powr', 'yotpo', 'product', 'shopify'], ['yotpo', 'product', 'shopify'], ['product', 'kit', 'shopify'], ['yotpo', 'product', 'globo', 'kit', 'shopify'], ['product', 'shopify'], ['product', 'shopify']",https://vapes.com,vapes,"76,332"
35,"['product', 'shopify'], ['product', 'shopify'], ['optimizely', 'product', 'kit', 'shopify'], ['product', 'shopify'], ['product', 'shopify'], ['product', 'shopify'], ['product', 'shopify'], [], ['yotpo', 'product', 'shopify'], ['product', 'shopify'], ['product', 'shopify'], ['product', 'kit', 'shopify'], ['shopify'], ['product', 'shopify'], ['optimizely', 'yotpo', 'product', 'kit', 'shopify'], ['yotpo', 'judge', 'product', 'kit', 'shopify'], ['product', 'kit', 'shopify'], ['powr', 'product', 'shopify'], ['optimizely', 'product', 'shopify'], ['product', 'shopify'], ['loox', 'shopify'], ['yotpo', 'product', 'kit', 'shopify'], ['powr', 'product', 'shopify'], ['product', 'shopify'], ['product', 'kit', 'shopify'], None, [], ['shopify'], ['product', 'kit', 'shopify'], ['product', 'shopify'], ['powr', 'product', 'shopify'], None, None, ['powr', 'yotpo', 'product', 'shopify'], ['yotpo', 'product', 'shopify'], ['product', 'kit', 'shopify'], ['yotpo', 'product', 'globo', 'kit', 'shopify'], ['product', 'shopify'], ['product', 'shopify']",https://brands4all.com.gr,brands4all,"77,866"
36,"['product', 'shopify'], ['product', 'shopify'], ['optimizely', 'product', 'kit', 'shopify'], ['product', 'shopify'], ['product', 'shopify'], ['product', 'shopify'], ['product', 'shopify'], [], ['yotpo', 'product', 'shopify'], ['product', 'shopify'], ['product', 'shopify'], ['product', 'kit', 'shopify'], ['shopify'], ['product', 'shopify'], ['optimizely', 'yotpo', 'product', 'kit', 'shopify'], ['yotpo', 'judge', 'product', 'kit', 'shopify'], ['product', 'kit', 'shopify'], ['powr', 'product', 'shopify'], ['optimizely', 'product', 'shopify'], ['product', 'shopify'], ['loox', 'shopify'], ['yotpo', 'product', 'kit', 'shopify'], ['powr', 'product', 'shopify'], ['product', 'shopify'], ['product', 'kit', 'shopify'], None, [], ['shopify'], ['product', 'kit', 'shopify'], ['product', 'shopify'], ['powr', 'product', 'shopify'], None, None, ['powr', 'yotpo', 'product', 'shopify'], ['yotpo', 'product', 'shopify'], ['product', 'kit', 'shopify'], ['yotpo', 'product', 'globo', 'kit', 'shopify'], ['product', 'shopify'], ['product', 'shopify']",https://vanityplanet.com,vanityplanet,"78,684"
37,"['product', 'shopify'], ['product', 'shopify'], ['optimizely', 'product', 'kit', 'shopify'], ['product', 'shopify'], ['product', 'shopify'], ['product', 'shopify'], ['product', 'shopify'], [], ['yotpo', 'product', 'shopify'], ['product', 'shopify'], ['product', 'shopify'], ['product', 'kit', 'shopify'], ['shopify'], ['product', 'shopify'], ['optimizely', 'yotpo', 'product', 'kit', 'shopify'], ['yotpo', 'judge', 'product', 'kit', 'shopify'], ['product', 'kit', 'shopify'], ['powr', 'product', 'shopify'], ['optimizely', 'product', 'shopify'], ['product', 'shopify'], ['loox', 'shopify'], ['yotpo', 'product', 'kit', 'shopify'], ['powr', 'product', 'shopify'], ['product', 'shopify'], ['product', 'kit', 'shopify'], None, [], ['shopify'], ['product', 'kit', 'shopify'], ['product', 'shopify'], ['powr', 'product', 'shopify'], None, None, ['powr', 'yotpo', 'product', 'shopify'], ['yotpo', 'product', 'shopify'], ['product', 'kit', 'shopify'], ['yotpo', 'product', 'globo', 'kit', 'shopify'], ['product', 'shopify'], ['product', 'shopify']",https://fearofgod.com,fearofgod,"78,767"
38,"['product', 'shopify'], ['product', 'shopify'], ['optimizely', 'product', 'kit', 'shopify'], ['product', 'shopify'], ['product', 'shopify'], ['product', 'shopify'], ['product', 'shopify'], [], ['yotpo', 'product', 'shopify'], ['product', 'shopify'], ['product', 'shopify'], ['product', 'kit', 'shopify'], ['shopify'], ['product', 'shopify'], ['optimizely', 'yotpo', 'product', 'kit', 'shopify'], ['yotpo', 'judge', 'product', 'kit', 'shopify'], ['product', 'kit', 'shopify'], ['powr', 'product', 'shopify'], ['optimizely', 'product', 'shopify'], ['product', 'shopify'], ['loox', 'shopify'], ['yotpo', 'product', 'kit', 'shopify'], ['powr', 'product', 'shopify'], ['product', 'shopify'], ['product', 'kit', 'shopify'], None, [], ['shopify'], ['product', 'kit', 'shopify'], ['product', 'shopify'], ['powr', 'product', 'shopify'], None, None, ['powr', 'yotpo', 'product', 'shopify'], ['yotpo', 'product', 'shopify'], ['product', 'kit', 'shopify'], ['yotpo', 'product', 'globo', 'kit', 'shopify'], ['product', 'shopify'], ['product', 'shopify']",https://valfre.com,valfre,"83,419"
